step,agent_id,x,y
0,0,7.739560485559633,-0.12224312049589536
0,1,8.585979199113824,0.3947360581187278
0,2,0.9417734788764953,0.9512447032735118
0,3,7.61139701990353,0.5721286105539076
0,4,1.2811363267554587,-0.09922812420886573
0,5,3.7079802423258124,0.8535299776972036
0,6,6.438651200806645,0.64552322654166
0,7,4.4341419882733115,-0.5455225564304462
0,8,5.545847870158348,-0.8723654877916494
0,9,8.27631171992582,0.2633287982441297
0,10,7.580877400853739,-0.2909480637402633
0,11,9.706980243949033,0.7862422426443954
0,12,7.783834970737619,-0.6107225842960649
0,13,4.667210037270342,-0.9123924684255424
0,14,1.5428949206754783,0.36609790648490925
0,15,7.447621559078171,0.93501946486842
0,16,3.2582535813815197,-0.25908058793026223
0,17,4.695558112758079,-0.6210572818314286
0,18,1.2992150533547164,-0.04859014754813251
0,19,2.2690934905088413,0.3396279893650207
0,20,4.371519188723307,0.6653563921156749
0,21,7.002651020022491,-0.37526671723591787
0,22,8.32259801395201,0.6095287149936037
0,23,3.874783790301745,-0.4233437921395118
0,24,6.824955039749755,-0.7204950327813804
1,0,7.886850442785064,-0.12077808598147692
1,1,8.698856783062288,0.38626681675151037
1,2,0.9802966161759554,0.9489225947690731
1,3,7.715771711933585,0.5860730170839936
1,4,1.5521445802330522,-0.10182623346985326
1,5,3.7693907825522035,0.8230773894690994
1,6,6.523445363531127,0.6403855019842789
1,7,4.494842537409267,-0.5330966017709192
1,8,5.631399118902274,-0.8787937523772795
1,9,8.414486828848787,0.26680740776763423
1,10,7.698739593294545,-0.2912882100942156
1,11,9.78352184931746,0.7892430441041096
1,12,7.878871654783932,-0.619927648719852
1,13,4.718483732718613,-0.9114424948392396
1,14,1.7043223766678883,0.3613691510416417
1,15,7.507102155544767,0.9367141704938137
1,16,3.403465376415252,-0.25704850813115127
1,17,4.790419755858784,-0.6127595778827312
1,18,1.4386132730389523,-0.0346183371808596
1,19,2.390682588712549,0.3292311183122973
1,20,4.449913622867343,0.6766496014928917
1,21,7.149189701671534,-0.376937106734219
1,22,8.418983615556234,0.6205930746154713
1,23,3.9711881658328525,-0.4301044373039484
1,24,6.927100291322782,-0.7235611316957856
2,0,7.973719548484907,-0.12488630772182772
2,1,8.76036494368753,0.38355718363808483
2,2,1.02650174747265,0.947013266931714
2,3,7.779298610634453,0.5935055747232671
2,4,1.6989253890255127,-0.1161285560293029
2,5,3.832790532773871,0.8160165459794263
2,6,6.584463453914329,0.635974646999758
2,7,4.5606198553035595,-0.5254017728987301
2,8,5.686785050552087,-0.8769051489321041
2,9,8.496735122582919,0.2689267761308282
2,10,7.767106885254688,-0.2902631154325437
2,11,9.84389776575827,0.7891451040615357
2,12,7.943679227546425,-0.6249717956746794
2,13,4.773521269004717,-0.9158517239497816
2,14,1.8164152687394841,0.3514384344883925
2,15,7.559557301854672,0.9395701932075874
2,16,3.531003589194188,-0.13829760949166942
2,17,4.850023850605308,-0.6089617870101105
2,18,1.5220394268147963,-0.028413173927967085
2,19,2.4717470148157035,0.3268571202001904
2,20,4.502383302608635,0.6765024160262906
2,21,7.229761292321751,-0.37861045450568437
2,22,8.481468474539978,0.6258878210421198
2,23,4.0464661918934235,-0.42997915969114614
2,24,6.988379208984628,-0.7251801001904532
3,0,8.032416396373533,-0.12797549379326015
3,1,8.83773039180981,0.38233094899196207
3,2,1.0726248184531164,0.9476949365954151
3,3,7.849462941660484,0.5917935371233314
3,4,1.756582613403797,-0.09358785800825999
3,5,3.8854412526683575,0.7994835029338511
3,6,6.650703828138906,0.6347633324893637
3,7,4.631601435271081,-0.5156531615933534
3,8,5.630665558411291,-0.8425244336316087
3,9,8.563225476048018,0.2732730078276954
3,10,7.833882531203722,-0.28874842084343894
3,11,9.888278075994021,0.7899545245939419
3,12,8.002270994114218,-0.6317338183937685
3,13,4.81183825696361,-0.9197090139054723
3,14,1.8873079730888938,0.3465265226816297
3,15,7.617561076682744,0.9445537073140935
3,16,3.613967778657903,-0.14590684506041224
3,17,4.912461348779331,-0.6093677717083948
3,18,1.5931953638312448,-0.025146648891912395
3,19,2.5324782346351165,0.33017800821207816
3,20,4.509523417863083,0.5590985340062788
3,21,7.298237125870362,-0.3772983887521471
3,22,8.558926419187209,0.6269350382333935
3,23,4.119726086709206,-0.43018636997742693
3,24,7.040958161647398,-0.7282352324882767
4,0,8.116630316814451,-0.13499872041988048
4,1,8.897016258348698,0.3828186189586276
4,2,1.1279572913813165,0.9427903293402622
4,3,7.913227736344484,0.5985236909611449
4,4,1.8267975327679586,-0.09714147798576202
4,5,3.931493215323843,0.795609386288979
4,6,6.720929523079171,0.6355770668479944
4,7,4.673424662888363,-0.5129416410092698
4,8,5.760252571600457,-0.8432350919520736
4,9,8.630859228599295,0.27129545037599717
4,10,7.91330879826538,-0.28488687099018434
4,11,9.94201066580991,0.7816364575472439
4,12,8.069966545361227,-0.6371438217130649
4,13,4.862992565955555,-0.9262815101700883
4,14,1.9628618186313536,0.3421857086434324
4,15,7.641467760806525,0.9470269865455716
4,16,3.653204795834561,-0.16146940324573122
4,17,4.9834994365654826,-0.6117861100865879
4,18,1.65553555531681,-0.02448872769745277
4,19,2.601912198814651,0.3327845050236453
4,20,4.635936195726822,0.5177655228861142
4,21,7.370668133556774,-0.3823912155127492
4,22,8.610899034605206,0.6304480905522295
4,23,4.207604299520204,-0.4323588430367739
4,24,7.087403991615041,-0.7300248703268674
5,0,8.15785299645512,-0.135886255579226
5,1,8.958985133783926,0.3837307205497012
5,2,1.2383233614166433,0.9137373746908543
5,3,7.965236116906925,0.5920405849792403
5,4,1.9244802770904599,-0.0854153704001348
5,5,3.981447918458708,0.7879671965339635
5,6,6.784988101872711,0.6391373327625849
5,7,4.7719891231622835,-0.509699442197099
5,8,5.827886314596078,-0.8445872431026143
5,9,8.687010801984691,0.26924007859755067
5,10,7.978613448429577,-0.27707571961077887
5,11,9.990807813469527,0.7872983773104391
5,12,8.126104444956537,-0.6357292509506606
5,13,4.914070096753911,-0.9263190319910114
5,14,2.0424563803698406,0.344698176451416
5,15,7.695657906100466,0.9504022035317989
5,16,3.786004533665317,-0.1978607226440083
5,17,5.048014602005549,-0.6143684100692374
5,18,1.7422273204102756,-0.0074970791553587365
5,19,2.687998172827439,0.34007693385772214
5,20,4.717917866011411,0.3981572384545919
5,21,7.424381645860265,-0.3822539626641855
5,22,8.668391715693533,0.6327118113866723
5,23,4.30235796203408,-0.44369161203813595
5,24,7.146731708536985,-0.7304839706380543
6,0,8.251730860975709,-0.12977951490406325
6,1,9.023073273453626,0.37919735536220117
6,2,1.4049187595123367,0.8554938438176907
6,3,8.01984294163964,0.5886882318300828
6,4,2.04837120560994,-0.03849737243111839
6,5,4.0137635807099805,0.7875000400427867
6,6,6.845053750195725,0.6400753002428052
6,7,4.835612018346432,-0.5063528580113741
6,8,5.672411130646491,-0.8031511292909194
6,9,8.770155331755506,0.26068081740266685
6,10,8.057461662846203,-0.27567948962414673
6,11,10.0,0.7949176820592198
6,12,8.172016064611485,-0.6259979873506327
6,13,4.949076305591752,-0.929519596500735
6,14,2.1136696973784384,0.34120877137926975
6,15,7.733735287721329,0.9524245077473226
6,16,3.7970205028546653,-0.18291457575114062
6,17,5.117178817940927,-0.6092496207140857
6,18,1.815231378424247,-0.004050859986558748
6,19,2.749163747377389,0.33178775348261613
6,20,4.7736566475212845,0.4276005794945792
6,21,7.501947487499999,-0.38520352120434703
6,22,8.733340403945109,0.641187339339258
6,23,4.196050351743514,-0.3747999846683388
6,24,7.195192386272133,-0.7299812181698908
7,0,8.314085142302405,-0.12544224854355424
7,1,9.10467723586453,0.38008094877897436
7,2,1.463430929009134,0.8554019209037265
7,3,8.083467002279956,0.5881030440765879
7,4,2.032939444778501,0.04163172133159078
7,5,4.086537536296582,0.7915087702687439
7,6,6.895900915083418,0.6435491258654406
7,7,4.893278073540725,-0.5061368804589746
7,8,5.968384858372053,-0.852136356617484
7,9,8.779800478801379,0.26056087083195223
7,10,8.1175369829092,-0.2739642164237735
7,11,10.0,0.7952473271830098
7,12,8.235122326397274,-0.6125751087700946
7,13,4.972569974932142,-0.9243095839471496
7,14,2.1837273237227066,0.3425020572695489
7,15,7.7698253743026875,0.9540225593865943
7,16,3.9078859114113618,-0.17498910403595397
7,17,5.16926236051584,-0.6042323733439202
7,18,1.7697268566580666,0.09758187370953467
7,19,2.801830092264287,0.3320934006520757
7,20,4.836047832215564,0.4541849123856454
7,21,7.570233971991136,-0.38992468297043714
7,22,8.791913304566103,0.6359643790931766
7,23,4.47207024293387,-0.4328009352386677
7,24,7.26028023199697,-0.7141555228598424
8,0,8.394977790613808,-0.1231089022086386
8,1,9.165928369100001,0.38269055985840267
8,2,1.4481061299385714,0.8705249768086103
8,3,8.145689808149253,0.5823649660453577
8,4,2.0558192471191363,0.10138358413934798
8,5,4.143513958173889,0.792551744378238
8,6,6.970365515884888,0.6489278297753268
8,7,4.942144555379738,-0.503349972808759
8,8,5.967531471154882,-0.8085474333733691
8,9,8.827943897509169,0.25414243476234855
8,10,8.210845325785794,-0.2801160667171152
8,11,10.0,0.7921899413159816
8,12,8.288050830778923,-0.6114881344996991
8,13,5.012116349699217,-0.9262555343679479
8,14,2.2466174634512,0.3394684771594001
8,15,7.82930623446049,0.955484546758798
8,16,3.97529394533176,-0.17576173523523006
8,17,5.233736766191416,-0.6069587805436897
8,18,1.9423127540977454,0.020256612949672764
8,19,2.8588636700719907,0.3222125166253482
8,20,4.8976191152309285,0.4650449554134087
8,21,7.641929346530674,-0.385134639337922
8,22,8.855213263584515,0.6385720080618291
8,23,4.419982255396838,-0.407390130886486
8,24,7.32769644773242,-0.7137160195824054
9,0,8.442564892492586,-0.12363833612468082
9,1,9.24769369826831,0.373027236569886
9,2,1.4817219142439242,0.8820371502712984
9,3,8.201826894654406,0.5838522651044189
9,4,2.186112202909415,0.07542262523983367
9,5,4.1871983035464195,0.8063014681813002
9,6,7.031722176759578,0.6478664148502259
9,7,4.9951789850479615,-0.5017200018975323
9,8,6.040286116541985,-0.8223559619819162
9,9,8.882319068274251,0.25808155298473656
9,10,8.273990038694366,-0.27944644727354
9,11,10.0,0.7906415144763823
9,12,8.361815369708719,-0.6178615388285755
9,13,5.039040565679376,-0.9178248161819793
9,14,2.3251931032601774,0.3372904552164811
9,15,7.859796729842189,0.9548023000215408
9,16,4.0498598003165664,-0.17757522354278824
9,17,5.278139673807376,-0.6158280364976635
9,18,2.02549885498212,0.021609034575598964
9,19,2.9059845306287237,0.3163744753295826
9,20,4.975987646334595,0.40955287260314865
9,21,7.716778806168366,-0.3920660498273337
9,22,8.90647448191343,0.6401550324557519
9,23,4.572073109804738,-0.41898493086463473
9,24,7.389885333730095,-0.7115848994331616
10,0,8.506063766099484,-0.12599018804671294
10,1,9.318730631181245,0.37427739654302106
10,2,1.5332402695975806,0.8851659554252139
10,3,8.252514319856015,0.5882513106110964
10,4,2.2418056882040838,0.05784266283323676
10,5,4.230500215870293,0.8109263467993626
10,6,7.078715014187261,0.644390780921567
10,7,5.047361718941879,-0.5052890868780965
10,8,6.068525684633747,-0.827330846565524
10,9,8.919432462746892,0.26039090447203184
10,10,8.321038471643444,-0.2757686038143446
10,11,10.0,0.7887697246476724
10,12,8.418145290336879,-0.615013609012806
10,13,5.083116855819252,-0.9179734168124362
10,14,2.399940553091153,0.3281393595184208
10,15,7.88909673386814,0.9622161280660705
10,16,4.121811303590887,-0.177496674963967
10,17,5.333082392301223,-0.610980141400238
10,18,2.0890555541939393,0.017072242321508523
10,19,2.9459195234313618,0.3137456616581735
10,20,5.0546484420621525,0.4067659058037143
10,21,7.758252551138855,-0.3975524228124664
10,22,8.93897458401259,0.6394973302599535
10,23,4.660715746426434,-0.4251258688094242
10,24,7.447213563563865,-0.7062028890411884
11,0,8.578952234724149,-0.12448387001908479
11,1,9.374182158416525,0.3692723442632064
11,2,1.59897399024919,0.8744881341481118
11,3,8.316160193696462,0.5901483533257899
11,4,2.3131321840998185,0.037599525384816285
11,5,4.298899172919981,0.8114258858857816
11,6,7.141622256778673,0.6368243642610112
11,7,5.1261772584253205,-0.5184733670406951
11,8,6.090875870581577,-0.8329865390556868
11,9,8.980822609292723,0.25969118997361784
11,10,8.413513777820524,-0.27700849963513857
11,11,10.0,0.7865355747613374
11,12,8.496964708640007,-0.612007488504911
11,13,5.113170355367534,-0.918909282176047
11,14,2.448545804851882,0.3279514128251902
11,15,7.9006655798559615,0.9655227347440122
11,16,4.1878898278345185,-0.16621902620599044
11,17,5.349974078712029,-0.6104360460612519
11,18,2.188813699214392,0.024813241987756883
11,19,2.9718213476108497,0.3169674178687104
11,20,5.099395787348987,0.4123628861768955
11,21,7.8266439180760585,-0.3981449325231878
11,22,8.973719223070072,0.6394721802155201
11,23,4.7096641000915875,-0.425957439217764
11,24,7.495724547713496,-0.7016666382881938
12,0,8.629284744545979,-0.1313360608443919
12,1,9.42733859805326,0.3640706020614332
12,2,1.640170648293625,0.8619784209626679
12,3,8.353372219107381,0.5796252073011101
12,4,2.348094127058872,0.026863350031016957
12,5,4.358634932476851,0.8156255143671346
12,6,7.195039542952706,0.635538679681118
12,7,5.194093966167359,-0.5267989413255022
12,8,6.1390191949150035,-0.830474109392699
12,9,9.01619481191856,0.2509182172189491
12,10,8.476299493660944,-0.2782612253524738
12,11,10.0,0.7844233407246356
12,12,8.55530904119907,-0.6112608377184146
12,13,5.159435154110792,-0.9001694404884242
12,14,2.516458736762093,0.32888355015889714
12,15,7.904088234897611,0.9661735241323464
12,16,4.257338459950093,-0.16502497631387092
12,17,5.4216910180840845,-0.6250950747133389
12,18,2.2372633720338055,0.028230582259428927
12,19,3.062872222177161,0.3179812687362719
12,20,5.173741442054368,0.4162754807636581
12,21,7.896526934146797,-0.3956094481077565
12,22,9.03825746892553,0.6275065355995116
12,23,4.771528962492584,-0.417352598472759
12,24,7.541464958542289,-0.7070179459903949
13,0,8.673977685522361,-0.13520583977016676
13,1,9.483450984692444,0.3679571454537487
13,2,1.7019798074833856,0.8522790162564565
13,3,8.410545533140041,0.5747226798420833
13,4,2.4509312209758756,0.015000882860059735
13,5,4.426286102356543,0.8161309052561161
13,6,7.249745161634714,0.6327127678334574
13,7,5.229408482515481,-0.5295300820053748
13,8,6.1958131204627795,-0.8350910871604164
13,9,9.042968118903936,0.24886331184931634
13,10,8.509334353969896,-0.281001921734035
13,11,10.0,0.7816015565054514
13,12,8.628328671074254,-0.6112625926803072
13,13,5.203712024459576,-0.8645689775122201
13,14,2.5247125520349574,0.30819825857629934
13,15,7.939795068468046,0.9702745875862694
13,16,4.307716849135917,-0.16647485844316173
13,17,5.4245467057458345,-0.6193828901643965
13,18,2.309096852444826,0.026535178934221505
13,19,3.1289576848396163,0.31621657441537643
13,20,5.244817303205727,0.41789110395086226
13,21,7.948763902156592,-0.39657258033423737
13,22,9.090961793867205,0.624803704485993
13,23,4.833652434679676,-0.4152967118185988
13,24,7.624798447481355,-0.7148636514429829
14,0,8.706236440168208,-0.13498549818463085
14,1,9.527008179771236,0.36915047241332966
14,2,1.7502475995332292,0.8435636584728008
14,3,8.431048057480767,0.5767691585447301
14,4,2.527825955770404,0.007980986223645032
14,5,4.53082185981574,0.7829239717834376
14,6,7.3106738332608785,0.6324184672868245
14,7,5.299529849780035,-0.5326204876664437
14,8,6.2351593679900965,-0.8342160347287323
14,9,9.146333957958596,0.25014695965446626
14,10,8.593380014819115,-0.27973871698239683
14,11,10.0,0.7863567468325533
14,12,8.670691477320167,-0.617248341016986
14,13,5.2740001575646,-0.8615791435853299
14,14,2.5884346261489464,0.3077387605217087
14,15,7.975217230322785,0.9694261336829745
14,16,4.373021843871325,-0.15934226779983285
14,17,5.489688230704329,-0.625194670947377
14,18,2.365429546042593,0.027737702171145972
14,19,3.174279069399763,0.32118797674660854
14,20,5.293745095384531,0.4193577949300038
14,21,7.983796251615723,-0.3956741858806062
14,22,9.130307151933538,0.6259878244276609
14,23,4.902563805581395,-0.4121130961339433
14,24,7.68546611692165,-0.7196327201298355
15,0,8.763436147587964,-0.13449794272540147
15,1,9.579230586182547,0.36394668451981177
15,2,1.8052585491982682,0.8429771318196357
15,3,8.52669550909571,0.5919965092775633
15,4,2.6059001812970406,0.009356678738851276
15,5,4.554165971619285,0.6806186814226913
15,6,7.3900670171067375,0.6277318558971675
15,7,5.357675561487573,-0.5334854604265059
15,8,6.29299027829044,-0.8381614816350441
15,9,9.18163604635771,0.2539981636802757
15,10,8.62242944705422,-0.2833076169188338
15,11,10.0,0.7893385915051582
15,12,8.707528809397685,-0.625395871023119
15,13,5.313302462476509,-0.8639938527309362
15,14,2.788686851086029,0.266344898471173
15,15,8.008963926771326,0.9710375467274214
15,16,4.431570744926688,-0.15397768651089508
15,17,5.523498167936808,-0.6251656776440255
15,18,2.408583971706677,0.03312116367623734
15,19,3.2654665684252135,0.3061564114490228
15,20,5.3614282323089055,0.4201459050794227
15,21,8.048750217847642,-0.39252838329232714
15,22,9.19764740089774,0.629770096797114
15,23,4.95021790024012,-0.4191086387890993
15,24,7.741836271892336,-0.7191874439601149
16,0,8.819088046316764,-0.13510396371542377
16,1,9.657466824048496,0.3624370766332221
16,2,1.8409339517732268,0.844400745797886
16,3,8.585587256906559,0.5975930070733931
16,4,2.6796685156829416,0.008559086573535156
16,5,4.496929656950799,0.6715639073416175
16,6,7.450421933410392,0.6281288096789969
16,7,5.417399758889674,-0.5400149791359485
16,8,6.348118056936994,-0.8342597885633591
16,9,9.181370141390852,0.24192708935759366
16,10,8.712521493129419,-0.29455405409344987
16,11,10.0,0.7869226145220591
16,12,8.757580597476032,-0.6280561637862851
16,13,5.3664023254685445,-0.8673556568988635
16,14,2.8719222089446923,0.26639928452530104
16,15,8.011803024092869,0.9696316549091881
16,16,4.50597621948463,-0.1575645009643091
16,17,5.498408399863055,-0.6217214436782458
16,18,2.5405512735474876,0.03475554565508616
16,19,3.3250379388957167,0.30004317696854566
16,20,5.423743180423019,0.41058209788468014
16,21,8.109406629165463,-0.3877817461115205
16,22,9.272191560081307,0.6269205445526481
16,23,4.983957249416608,-0.4157961911940679
16,24,7.774980552878328,-0.723956725500762
17,0,8.87299265230441,-0.13615938788773407
17,1,9.681860032836079,0.3631673899305132
17,2,1.8779496867620986,0.7901935957842127
17,3,8.643136038275994,0.5959072525153606
17,4,2.7552367550447183,0.013110363915238099
17,5,4.654732181323424,0.6880834694934735
17,6,7.515515486696924,0.629248776535593
17,7,5.445095528894449,-0.5378120896650683
17,8,6.41151913549686,-0.8372931786338982
17,9,9.175269448559888,0.25108277388237665
17,10,8.78783825328814,-0.2955112758669525
17,11,10.0,0.7856646707403703
17,12,8.818070627723245,-0.6279145064564051
17,13,5.415455897975189,-0.8693434521936729
17,14,2.922762421544714,0.26243528604313826
17,15,8.04299177045436,0.9588252819145073
17,16,4.576402852247109,-0.1598423692872108
17,17,5.569701112601429,-0.6188946026803133
17,18,2.565904702737008,0.030788337435159158
17,19,3.4017822941278495,0.3090338162147171
17,20,5.496686897552657,0.41212098368701305
17,21,8.176435505760647,-0.38144701286567584
17,22,9.336092678499051,0.6315280078339799
17,23,5.036745348668693,-0.41422121906969134
17,24,7.849899502348975,-0.7344535673513447
18,0,8.888146748527983,-0.13764027632318104
18,1,9.77620867912137,0.3585994595985528
18,2,1.9240036887260643,0.8144019502073682
18,3,8.684680044746091,0.5956352198747031
18,4,2.7988361407817934,0.03880073915585973
18,5,4.736682417255615,0.6955585355040271
18,6,7.563555902650177,0.6308279881152989
18,7,5.510116258994803,-0.5367136294251184
18,8,6.467467746100909,-0.8404509554776639
18,9,9.207310725839442,0.25136828780027426
18,10,8.847684570587457,-0.2965095726881093
18,11,10.0,0.777420530456312
18,12,8.82832526677845,-0.6299402804665852
18,13,5.440778012255103,-0.8744242745878689
18,14,2.9500948451908875,0.2767402941103879
18,15,8.042608789614707,0.9560116062957222
18,16,4.6412128905674885,-0.16359347989666156
18,17,5.628670830864241,-0.6227742843689732
18,18,2.6321577313939963,0.03996822261107073
18,19,3.4743270163825533,0.31012368573163646
18,20,5.553303493863163,0.399461731906055
18,21,8.237640306072738,-0.3821754398631376
18,22,9.344731364421062,0.6353443467313199
18,23,5.072602200994983,-0.4194643924067431
18,24,7.905216352708049,-0.7370241476968205
19,0,8.92038385794101,-0.13719830886644305
19,1,9.834744361430241,0.35374966964508964
19,2,1.9823872688662407,0.8221732560190045
19,3,8.754084928880381,0.5855228370614015
19,4,2.9736127713155187,0.030226387592362586
19,5,4.769186467844012,0.6961335857047427
19,6,7.617632585263963,0.6397431901559703
19,7,5.560721917319335,-0.5431015549504726
19,8,6.5251059632156725,-0.8448557586433157
19,9,9.28406466749566,0.2587199100573022
19,10,8.912377591416444,-0.2945030617852156
19,11,10.0,0.7768954658480669
19,12,8.923266706987647,-0.6209908942760209
19,13,5.486057220078976,-0.8770614291123795
19,14,3.1237770620969165,0.25345150865401467
19,15,8.094147791654889,0.9517093963401958
19,16,4.706579165166433,-0.16390673615264234
19,17,5.64415490686835,-0.6197231760332735
19,18,2.672693712761545,0.03804313671630135
19,19,3.557710495130771,0.3171842961835771
19,20,5.574898832484464,0.3956808787084157
19,21,8.318674853803858,-0.38301412974310334
19,22,9.438710866141841,0.6324057489493405
19,23,5.146618419154397,-0.42788277184548973
19,24,7.9589423827521975,-0.7396249540136842
20,0,9.001124597148852,-0.13736454441624812
20,1,9.89695674785746,0.350559769968003
20,2,2.014464493061688,0.8208203937737563
20,3,8.819966804291349,0.5806632423814516
20,4,3.0781851399918394,0.025554958422636463
20,5,4.833161150375127,0.6940083063861643
20,6,7.682365757061147,0.6383111203447556
20,7,5.618879974332195,-0.5410208941195676
20,8,6.541117688556428,-0.8453620706528061
20,9,9.286337500557414,0.26924304552295064
20,10,8.984462138201348,-0.2871001954829457
20,11,10.0,0.7788409117185028
20,12,8.974685331821169,-0.6185430484484129
20,13,5.509331258026337,-0.8732205488701725
20,14,3.1878620004033773,0.25281972503897066
20,15,8.112529384833195,0.9556357273061853
20,16,4.766966286268179,-0.15143098770200256
20,17,5.688183996853516,-0.6244584768633283
20,18,2.64539030845115,0.049007961975375804
20,19,3.6247970336520665,0.3173637843846158
20,20,5.678119146270556,0.31938301280597203
20,21,8.401270733862152,-0.3905466512827047
20,22,9.49233976389163,0.6306019237841224
20,23,5.1986046044254755,-0.4268696958466763
20,24,8.012854505251823,-0.7367044073245969
21,0,9.070727609458622,-0.1323852809063729
21,1,9.968289615195722,0.35600225666513374
21,2,2.04195908203977,0.8287987025249635
21,3,8.87810080474595,0.578900949490821
21,4,3.147529935327129,0.04682061373321932
21,5,4.882147101024675,0.6932742278012057
21,6,7.741213583817253,0.640006673642382
21,7,5.678327674878936,-0.5374130378538124
21,8,6.571481949444227,-0.841634658822481
21,9,9.386034648375064,0.2701051446715903
21,10,9.044285195360745,-0.29005655142510883
21,11,10.0,0.7778922636646318
21,12,9.025547425692027,-0.624171409675191
21,13,5.5538859089906145,-0.869138939856033
21,14,3.1734179070613253,0.271896696765861
21,15,8.149152859837905,0.9703226807723697
21,16,4.845002454961955,-0.1488967098278894
21,17,5.704320694844958,-0.6222497156507929
21,18,2.804413398135853,0.04119543287039284
21,19,3.7089238408370457,0.3187423041575732
21,20,5.711242519794933,0.3126956851385234
21,21,8.459139706165038,-0.3928894760711376
21,22,9.552655782511607,0.6270715913704983
21,23,5.304767734981557,-0.4286535360796389
21,24,8.03752771022297,-0.7368480927358183
22,0,9.128989014487955,-0.13317811641992772
22,1,10.0,0.3528014570357282
22,2,2.0887708869257726,0.8397224801905704
22,3,8.9367991334413,0.5801753878787305
22,4,3.197481538249004,0.05149442145667642
22,5,4.928258481440614,0.6886154319607428
22,6,7.785571097344033,0.6375683101279694
22,7,5.701914961174268,-0.5362210556431122
22,8,6.5926078140030135,-0.8448804402436472
22,9,9.399166062073398,0.262744891242513
22,10,9.083988352572181,-0.29292625621247237
22,11,10.0,0.7826999049509235
22,12,9.077664799652334,-0.6194732576281587
22,13,5.5794674560612805,-0.8663257744972588
22,14,3.2176630482167248,0.2813366690394555
22,15,8.130257792095163,0.9682454929912335
22,16,4.902019277820652,-0.14747696036495406
22,17,5.762657081549822,-0.6184485435441726
22,18,2.8044505922854293,0.035904908142840815
22,19,3.7362269057889397,0.3190484407949762
22,20,5.792524939850335,0.3143362227667838
22,21,8.537382967943982,-0.38204590270140637
22,22,9.625938388559543,0.6312968769428028
22,23,5.375495538639738,-0.4264547483288843
22,24,8.114286578651273,-0.7323937502974768
23,0,9.215630362265257,-0.13035277584799698
23,1,10.0,0.34120014181151564
23,2,2.1136409321903664,0.8443277528488708
23,3,9.001172895979654,0.575741866692606
23,4,3.270049643674392,0.050703496983498554
23,5,4.990543936074898,0.688501320088037
23,6,7.85965947684236,0.6373373223780299
23,7,5.784207336091958,-0.5292097267676491
23,8,6.634186038256782,-0.8297264080876858
23,9,9.395424117465437,0.2672777480688314
23,10,9.166510081423016,-0.28063212429313833
23,11,10.0,0.7790374354978222
23,12,9.13712777307521,-0.6220557309309237
23,13,5.624756862246105,-0.8742114631371476
23,14,3.2132409610964863,0.2828057819746027
23,15,8.151831328771566,0.9647342047319404
23,16,4.975653846829412,-0.13505869760075043
23,17,5.743945722367643,-0.6168019970134381
23,18,2.9683269779310333,0.0787185503892301
23,19,3.7211094567499257,0.3166546065316287
23,20,5.805845994760998,0.3215774619929831
23,21,8.553643198506794,-0.387262309045736
23,22,9.66420377690445,0.6401559475477719
23,23,5.450902593879796,-0.4195381732194366
23,24,8.137114313179955,-0.7294023448130118
24,0,9.277104608187836,-0.13059323406986628
24,1,10.0,0.34469596741565134
24,2,2.196056894682643,0.8260852370404148
24,3,9.013359694521455,0.5698229769774581
24,4,3.3403406071157913,0.06698155064332209
24,5,5.064643574526362,0.6918637612191725
24,6,7.859291019325002,0.6373864018347098
24,7,5.778623812648062,-0.5224187365287233
24,8,6.699980205541653,-0.8263210470729876
24,9,9.392556964995114,0.260333915365947
24,10,9.206563045457477,-0.2762747143580933
24,11,10.0,0.7805784810394415
24,12,9.187892997923868,-0.6206118683142107
24,13,5.668682658418876,-0.8760355782848174
24,14,3.3094674179593535,0.28955013536069757
24,15,8.157365531647839,0.9569836087467665
24,16,5.054298945839123,-0.1370288924767905
24,17,5.842227699101222,-0.6175511604277631
24,18,3.038450473111564,0.09906928512479413
24,19,3.826104614524461,0.3142421783481755
24,20,5.934326846740427,0.31790713589571973
24,21,8.606223822258292,-0.3995850295105855
24,22,9.740138532269661,0.6457946179283406
24,23,5.514779993897264,-0.4264481741089616
24,24,8.191915788235363,-0.7285982139448398
25,0,9.318263400591828,-0.13217638379221602
25,1,10.0,0.34501143052637123
25,2,2.2528106574851416,0.8204379276256383
25,3,9.066615279822894,0.5702210494761488
25,4,3.410088389339899,0.06388230275031834
25,5,5.01455809256596,0.6912208648891146
25,6,7.94870460429506,0.6406402430898861
25,7,5.87924300603866,-0.5232981663847666
25,8,6.758751995631687,-0.8222651440943581
25,9,9.465560335247542,0.26181417132057666
25,10,9.288895840697968,-0.27613430244758974
25,11,10.0,0.783064073320426
25,12,9.23855923217047,-0.624569960250094
25,13,5.6973901940992135,-0.8479761300095884
25,14,3.4639418911211073,0.33194941653911975
25,15,8.186881723387016,0.953455044375479
25,16,5.073580813914665,-0.14245473944624523
25,17,5.8893615381270825,-0.6207093099947973
25,18,2.8805187025684207,0.07589789142364028
25,19,3.877145920713252,0.32259560592980696
25,20,6.012367529382918,0.3144515905297893
25,21,8.675518467286347,-0.40390165941766387
25,22,9.809177014125686,0.6457599899221731
25,23,5.580786474186246,-0.42851656835136787
25,24,8.234462725704654,-0.7292368041368708
26,0,9.360719258076792,-0.13217229972071595
26,1,10.0,0.3426689673402178
26,2,2.306532039400269,0.8178221252280746
26,3,9.10985353879994,0.5645056990082934
26,4,3.488849929060255,0.057021719986519434
26,5,5.181305873710116,0.6709608689937806
26,6,7.997802917800102,0.6425295784087919
26,7,5.874116063539982,-0.5208576983979347
26,8,6.795375898465727,-0.8226758167765033
26,9,9.455326166700747,0.260510080518368
26,10,9.33032951366156,-0.2807747694433505
26,11,10.0,0.7801557839561539
26,12,9.269822632556728,-0.6319345133030217
26,13,5.707485938184187,-0.8551074531105975
26,14,3.476994929156463,0.34881758946343117
26,15,8.188432233224304,0.9488083293740144
26,16,5.142643824348514,-0.14973578468277662
26,17,5.933869080731538,-0.630439667799122
26,18,3.180117674889795,0.0914045281955667
26,19,3.949818729038125,0.3328116279750246
26,20,6.072684262861411,0.31566956570738713
26,21,8.71166851622729,-0.4091095006077586
26,22,9.85793955516723,0.6421566487498307
26,23,5.650125167578946,-0.4258018352970439
26,24,8.270511684882587,-0.7369331856182966
27,0,9.448579422658753,-0.13049617751746545
27,1,10.0,0.3546051192820331
27,2,2.360615460524724,0.8160498288775294
27,3,9.158886221733173,0.5601252415338003
27,4,3.5349682781362257,0.05783715300914216
27,5,5.160298112198608,0.6661546442879742
27,6,8.034781591596628,0.6423714562057506
27,7,5.931423528076302,-0.507940540140179
27,8,6.86545065216831,-0.824414732469404
27,9,9.472075114791286,0.2629716758855905
27,10,9.365602358715414,-0.2906333165456561
27,11,10.0,0.7772483852552801
27,12,9.285004896492211,-0.6356372865223928
27,13,5.759231530585364,-0.8579793983080847
27,14,3.4690072112661805,0.33512984803078033
27,15,8.176167581401343,0.9515645781511044
27,16,5.165181974635178,-0.1544451866984801
27,17,5.989978316607818,-0.6185237594430708
27,18,3.1410219947095834,0.07545543873136555
27,19,4.020967820516061,0.3422936989689131
27,20,6.133835651581518,0.31588591356953244
27,21,8.757366818266519,-0.4139889551079818
27,22,9.881510630125598,0.6403400505800482
27,23,5.675079038243292,-0.40137897565951114
27,24,8.328466542910164,-0.7324427140572815
28,0,9.44251991896985,-0.12616056571350587
28,1,10.0,0.3571559767210485
28,2,2.4328556812556457,0.8007509963411057
28,3,9.217042909436632,0.5673246585614068
28,4,3.583988658990548,0.058159408979273235
28,5,5.234598766946725,0.656636406786482
28,6,8.066532374489952,0.6334390391518355
28,7,5.921045072842392,-0.5044234172074323
28,8,6.908853634397925,-0.8271373763652597
28,9,9.548534510916854,0.26637258648057577
28,10,9.465726929136299,-0.28536403732519083
28,11,10.0,0.7743285835855761
28,12,9.346876794072069,-0.6385841622416343
28,13,5.765684623328416,-0.8608049348338964
28,14,3.509534105358514,0.3315338754252423
28,15,8.227405899504916,0.9515619670114758
28,16,5.2421844035517395,-0.13833946353011997
28,17,5.98791088038571,-0.6144801284761834
28,18,3.309647396330686,0.07859521426743678
28,19,4.065716826126977,0.383417629352939
28,20,6.217894342809057,0.32035039630932893
28,21,8.759828990037825,-0.417423023854363
28,22,9.93509407158507,0.6341892768212767
28,23,5.772592613160282,-0.4172160872716204
28,24,8.374747470491325,-0.7300886865681057
29,0,9.554854567324385,-0.11298823194190649
29,1,10.0,0.3557782919296282
29,2,2.503588133847271,0.7844662540416818
29,3,9.275293570230547,0.5687958677072347
29,4,3.670857125092878,0.06051976140598209
29,5,5.252012385326957,0.6579831254785788
29,6,8.041455544389596,0.6328618583870166
29,7,6.008636513787174,-0.5050133435875211
29,8,6.962227486834825,-0.8274194520725228
29,9,9.507343897258695,0.2692158438630284
29,10,9.514946395161424,-0.28600248102249265
29,11,10.0,0.7714674247603819
29,12,9.371377663612398,-0.6446258367717188
29,13,5.767238694158199,-0.8712787171378471
29,14,3.453355898092238,0.3374685899774729
29,15,8.265193157236562,0.9532139741323071
29,16,5.258217663979231,-0.12887036929412862
29,17,6.002652519830388,-0.6037890830320253
29,18,3.4101933807963887,0.08064228740730116
29,19,4.056730627435628,0.3798805945777528
29,20,6.275425587352847,0.3216303369431837
29,21,8.857931406770154,-0.43264543140375933
29,22,9.976349261353993,0.6333371657337934
29,23,5.834152214379454,-0.42460975163115605
29,24,8.399831453850036,-0.7337442715555409
30,0,9.59724917430329,-0.1095847405094215
30,1,10.0,0.3562400727645952
30,2,2.5405951030501397,0.7810891795339044
30,3,9.319244703190279,0.5707428172665915
30,4,3.747346157548788,0.07122841361971571
30,5,5.290408209702319,0.6569623274270683
30,6,8.143471574139708,0.6347806450180246
30,7,5.989855682279888,-0.505375103512953
30,8,7.020440906866071,-0.8299946461183773
30,9,9.619092274208437,0.27342631602538925
30,10,9.551270310332846,-0.28836319621325773
30,11,10.0,0.7700223737524706
30,12,9.446876284858437,-0.6489666632002301
30,13,5.8580637798973445,-0.8631415706728898
30,14,3.5912984283347225,0.34018969142837685
30,15,8.278175374270374,0.9513868666723464
30,16,5.253667790480794,-0.13164034407776753
30,17,6.001951275112991,-0.6059408139655218
30,18,3.4835206514984627,0.08188606512535287
30,19,4.174746108308667,0.37462015126037357
30,20,6.354061054308618,0.3151122251504811
30,21,8.853818735039681,-0.43478194856111974
30,22,10.0,0.6278762360828413
30,23,5.87169921034399,-0.43015720170550853
30,24,8.435193471659487,-0.7414016934158034
31,0,9.67239014957529,-0.10493231878376463
31,1,10.0,0.3579472760467737
31,2,2.5772871770810046,0.7881725261769823
31,3,9.308043314437962,0.5693450949704401
31,4,3.8245824840745346,0.07797272937644063
31,5,5.329484798823427,0.66282422383968
31,6,8.195363699250882,0.6353871463924264
31,7,6.052237623589063,-0.5063365591649047
31,8,7.052172728183339,-0.8336035401622153
31,9,9.625277436437473,0.2710490406454047
31,10,9.627240988521955,-0.28783441309227603
31,11,10.0,0.769567486298189
31,12,9.474910248401695,-0.6509627203023591
31,13,5.856685677106956,-0.8732180404558437
31,14,3.6181492674236604,0.3454929446251365
31,15,8.267553560601888,0.9448811361303755
31,16,5.3589213370549205,-0.13095957198125835
31,17,6.018395512447642,-0.5905775723859298
31,18,3.5495297471911686,0.07925271755730184
31,19,4.246734417183063,0.3709330036895218
31,20,6.404115811983291,0.3077422977777441
31,21,8.882585414652334,-0.43783593926947934
31,22,10.0,0.6293784502751503
31,23,5.938066593358954,-0.4475952113008745
31,24,8.481748865208258,-0.7443664812109231
32,0,9.692077567377405,-0.10733084001418865
32,1,10.0,0.3582725908336681
32,2,2.6014074735385986,0.7927594085757159
32,3,9.360085132171092,0.57232123563029
32,4,3.7429380817198745,0.14507447158719428
32,5,5.323195620788663,0.6557142140390915
32,6,8.221792349350132,0.6362557197931829
32,7,6.012968524638926,-0.5130505275532478
32,8,7.119766457901919,-0.8367054274037615
32,9,9.740701868777519,0.27859580378397747
32,10,9.66835434703796,-0.28976591762444137
32,11,10.0,0.7808443630461103
32,12,9.486135870609267,-0.6130773447433143
32,13,5.9026715589643075,-0.8708211501035309
32,14,3.5811851089337643,0.3514293167101385
32,15,8.295103006404712,0.9540071530487959
32,16,5.361404431534095,-0.1406619812390285
32,17,6.015413565097141,-0.5890176697429815
32,18,3.4995956640432255,0.1510152973258213
32,19,4.2596263790753195,0.36296277951846034
32,20,6.473755640733934,0.30771023199490694
32,21,8.92536999894779,-0.42772824836849255
32,22,9.997485402692314,0.6314895154301406
32,23,5.962454669970212,-0.4549539799013565
32,24,8.483334672343194,-0.7435296167522494
33,0,9.732368046905346,-0.100685056036223
33,1,10.0,0.3495669685176143
33,2,2.6530801592451896,0.7894519346188524
33,3,9.367989658051842,0.5727079278914157
33,4,4.022769689154609,0.10521162371205967
33,5,5.408876061377422,0.6540627365692636
33,6,8.277007203971905,0.6366880561026258
33,7,6.127364450752164,-0.5078970418433124
33,8,7.176972010921029,-0.8315285409912135
33,9,9.750343390110487,0.27840812437066964
33,10,9.682515572814943,-0.29079205585121454
33,11,10.0,0.7865279554642012
33,12,9.583893448844222,-0.6286966509791125
33,13,5.937895963946059,-0.8711323809383559
33,14,3.5546291533818106,0.3463292298650618
33,15,8.296493746285197,0.9592507364775835
33,16,5.435213526700097,-0.1320488331849028
33,17,6.067488263063483,-0.6013238075793383
33,18,3.6765488237658337,0.12536797786086867
33,19,4.255602975943401,0.36254883255798387
33,20,6.502082788876748,0.31433678412965116
33,21,8.918463529692952,-0.429665465617334
33,22,10.0,0.6357401812334399
33,23,6.030969942739817,-0.45786973779263596
33,24,8.563085839076875,-0.7556827299767886
34,0,9.735354702127998,-0.11437379574057174
34,1,10.0,0.3471534709462171
34,2,2.6778471357026934,0.7922691827334655
34,3,9.35685785116576,0.5593567532778132
34,4,4.0048456273159445,0.1324812003638058
34,5,5.453846121674402,0.6536307802798409
34,6,8.254043312301265,0.6378367878425814
34,7,6.1991269325114535,-0.5040045300162138
34,8,7.192103728800566,-0.829103091586212
34,9,9.851688560555612,0.27619685888659906
34,10,9.693075162493347,-0.29058841572281435
34,11,10.0,0.7836887396589022
34,12,9.624502026763302,-0.6366996470656721
34,13,5.951544374637931,-0.8739870238993056
34,14,3.491871169698005,0.3770550621333748
34,15,8.316363739140813,0.9542632841428841
34,16,5.5180575364236,-0.13383079549673754
34,17,6.1383900505230695,-0.592917129250208
34,18,3.76854507963782,0.1218900939112841
34,19,4.258632798520575,0.36166769997879417
34,20,6.530008259165939,0.31998405769499677
34,21,8.996538848204644,-0.4359692120943272
34,22,10.0,0.6380848040018758
34,23,6.085072109915389,-0.4547985489195753
34,24,8.584260611614067,-0.760363541954063
35,0,9.808041955711898,-0.11215436073529948
35,1,10.0,0.3427359101577731
35,2,2.740422944294985,0.7957392212043956
35,3,9.381971513944801,0.5699752887864618
35,4,4.16579664240853,0.1265291698676888
35,5,5.517835187683965,0.6477840478637555
35,6,8.333456100317921,0.6352284779528711
35,7,6.261012633412255,-0.5055108904564324
35,8,7.208191833781454,-0.8348149577833948
35,9,9.823592000881732,0.2740921186691788
35,10,9.781373594083073,-0.2975835943284057
35,11,10.0,0.7792797748769478
35,12,9.621804344641406,-0.632253637876472
35,13,5.928501057598119,-0.8792287202327557
35,14,3.7112897939420035,0.3475025341915757
35,15,8.295855786642004,0.957714572774335
35,16,5.524111005093749,-0.1329160372163327
35,17,6.206247824203449,-0.6012051049302807
35,18,3.822195328295649,0.1314709670611065
35,19,4.292740303401755,0.36167777315684785
35,20,6.556007273198731,0.31743485483451916
35,21,9.033048745658414,-0.43697097251892486
35,22,9.997505550719874,0.6299881248479752
35,23,6.128492461663541,-0.4434615634510495
35,24,8.630761181600208,-0.7610133280828869
36,0,9.856955134930697,-0.1085300158308586
36,1,10.0,0.348965037958044
36,2,2.752471030421025,0.7996510935006631
36,3,9.416594550432942,0.5561061358534246
36,4,4.258918170248749,0.12263814296370831
36,5,5.356322159332101,0.6561569158866122
36,6,8.382592933406146,0.6342886988895539
36,7,6.3199415870694065,-0.5047141512359433
36,8,7.270032518546234,-0.8393412590177876
36,9,9.88964105552599,0.28313628370418786
36,10,9.84169409047499,-0.3004326468960018
36,11,10.0,0.7777575929278145
36,12,9.627777356464652,-0.6316439083188137
36,13,5.993698173653057,-0.882184669994751
36,14,3.7777524528455784,0.35951383539984694
36,15,8.292097507388634,0.9684124818283282
36,16,5.645996739157319,-0.1181874325727823
36,17,6.267269773037079,-0.6013490156080975
36,18,3.935004711772461,0.16364299088369005
36,19,4.322056858434137,0.36523546863839584
36,20,6.601884857632764,0.3155201069621965
36,21,9.062975028263459,-0.4288550504784583
36,22,10.0,0.6268203585545779
36,23,6.193540598711327,-0.44040124065644315
36,24,8.622820058630081,-0.7511421053160224
37,0,9.946713208187331,-0.11447031310015866
37,1,10.0,0.3495032585015494
37,2,2.818639815353316,0.7847743122591451
37,3,9.490799387799957,0.5526700879947516
37,4,4.337617858722384,0.1230363277736376
37,5,5.6479384581654966,0.6586215626087644
37,6,8.419151916358143,0.629950295703465
37,7,6.3843381480936205,-0.5145562665409096
37,8,7.262022469698999,-0.8408267803256314
37,9,9.834943219451535,0.2782227068934561
37,10,9.907090484429355,-0.3061655580196234
37,11,10.0,0.7804534839655045
37,12,9.661332506552723,-0.6315032414126627
37,13,6.0381302929089244,-0.8845346302166335
37,14,3.8363806286047244,0.3605762890407636
37,15,8.28843474284212,0.9750119444483762
37,16,5.716897513846692,-0.1166661818941271
37,17,6.316516602029677,-0.5984321324627478
37,18,3.9781737454726134,0.17723054419818937
37,19,4.371013891486039,0.3542270928163541
37,20,6.650234759804718,0.3169449877251879
37,21,9.073160084369926,-0.42665737321098823
37,22,10.0,0.6285669199852821
37,23,6.199257714232656,-0.4378390303654254
37,24,8.666770260673623,-0.7605427026956115
38,0,10.0,-0.12445418971113134
38,1,10.0,0.3574122856528676
38,2,2.7652412240417075,0.7907461073123293
38,3,9.452325278433003,0.5477730839154539
38,4,4.4162202815111895,0.1299164032132511
38,5,5.595687380455579,0.6408737074939386
38,6,8.43765126243151,0.6253490616519992
38,7,6.413183401677577,-0.5163401369052122
38,8,7.336725211748099,-0.850756201979149
38,9,10.0,0.28807336659177996
38,10,9.963198010420008,-0.30699711956862924
38,11,10.0,0.7815498965378845
38,12,9.647049351626686,-0.6303681399994955
38,13,6.092603877920446,-0.8839268094275793
38,14,3.8856924038388194,0.3592030269549676
38,15,8.300583396472256,0.972338653521723
38,16,5.764261610930229,-0.12010127765193523
38,17,6.352849008553019,-0.5959612646151469
38,18,4.038254042096795,0.1785747248543345
38,19,4.347505678612101,0.349128093288551
38,20,6.672659126879412,0.3143893999795698
38,21,8.98065302695242,-0.41850994762158517
38,22,10.0,0.6346158669454018
38,23,6.243089115097324,-0.42295986774141525
38,24,8.71873550315709,-0.7656000377996606
39,0,10.0,-0.11719136246265978
39,1,10.0,0.3567206972664553
39,2,2.8878073761216765,0.8024704872411208
39,3,9.608310271311613,0.5510324033454445
39,4,4.4629042219942505,0.13455579115765906
39,5,5.66021593068559,0.65464188132757
39,6,8.555913094795109,0.6278866258577593
39,7,6.463607972099999,-0.513252374247671
39,8,7.3705371180299055,-0.8565996721915989
39,9,10.0,0.29318409273852664
39,10,10.0,-0.3086887397862193
39,11,10.0,0.7812117392815112
39,12,9.65833829411926,-0.6388880919161125
39,13,6.152479300459993,-0.8816654544591823
39,14,3.9693852636153086,0.36436118025228387
39,15,8.330365090841402,0.9692075318912542
39,16,5.850372106544278,-0.12195371681312485
39,17,6.404678971181751,-0.5944630389151061
39,18,4.1091084386029095,0.1719029906932388
39,19,4.3602469140222055,0.3458269487754019
39,20,6.694168969826877,0.31766249780265643
39,21,9.211200478606138,-0.3875490820270385
39,22,10.0,0.6306121026784448
39,23,6.30889236021971,-0.4204464662366616
39,24,8.692539439649137,-0.7660514459539979
40,0,10.0,-0.1145709402012342
40,1,10.0,0.35631149577846044
40,2,2.8672014199063667,0.807443370608689
40,3,9.571494166745063,0.552532871361833
40,4,4.555987931262544,0.1357289206681988
40,5,5.714859457575105,0.648424107259027
40,6,8.613675915378023,0.6292485812237018
40,7,6.506375494035411,-0.5081575321279406
40,8,7.388403448406329,-0.8532706435629884
40,9,9.985340863489167,0.29780860196712755
40,10,10.0,-0.3228172083190684
40,11,10.0,0.7729238080168328
40,12,9.655117421942386,-0.6382502861976039
40,13,6.204759268451381,-0.8838870463865053
40,14,3.91273172701789,0.38293560111803776
40,15,8.35694924866716,0.9661518587448185
40,16,5.907432949135188,-0.11805900487153015
40,17,6.456646833066077,-0.5854743218886291
40,18,4.163568935743578,0.16608756576183373
40,19,4.463323439674166,0.3472324384435826
40,20,6.744948044034541,0.3205333358174674
40,21,9.160669947383147,-0.3880360384048522
40,22,10.0,0.6399457798738316
40,23,6.255436963528753,-0.4226775884629558
40,24,8.753520225093759,-0.7686212758867431
41,0,10.0,-0.12559918834263653
41,1,10.0,0.3503837026870496
41,2,2.925491657752535,0.7934301958921237
41,3,9.657714578346301,0.5316655714475803
41,4,4.618523560915941,0.13162167266454317
41,5,5.708911791763236,0.6430396092037287
41,6,8.685643253555899,0.6327808343486017
41,7,6.5811012531241495,-0.5129596692345912
41,8,7.399303456984373,-0.8578478416676592
41,9,9.98132572479669,0.28890863526855104
41,10,10.0,-0.3211787745950093
41,11,10.0,0.7686504067181167
41,12,9.702491981314283,-0.6380609907737644
41,13,6.252262837337415,-0.8867295087822339
41,14,4.062942298787956,0.39234118070167917
41,15,8.348612067921094,0.9648775080240126
41,16,5.94965908089708,-0.10628119952069462
41,17,6.533725874040813,-0.5894074386575507
41,18,4.2275168603012565,0.16417798299589076
41,19,4.459428831638066,0.34454768734455266
41,20,6.825461531969496,0.3288672484578139
41,21,9.260816133541079,-0.3998757742924353
41,22,10.0,0.6384868973493493
41,23,6.489627452586325,-0.4086415581185966
41,24,8.765180178300012,-0.7677285664128883
42,0,10.0,-0.12605174653276835
42,1,10.0,0.3478768228165446
42,2,2.946961647091528,0.7896801192938011
42,3,9.674643794926888,0.5281960957769453
42,4,4.68802578323238,0.13479378203978595
42,5,5.7505525567228,0.6432323464318873
42,6,8.720102251923542,0.6358980284092554
42,7,6.615472631223601,-0.5143999887255473
42,8,7.4346682065375,-0.8505219741646801
42,9,9.954095911931566,0.30492836260883416
42,10,10.0,-0.3213306252844845
42,11,10.0,0.7638120847537747
42,12,9.671722787629577,-0.6394564983796854
42,13,6.311106853216145,-0.8872485426560527
42,14,4.102734447166334,0.39693914249929446
42,15,8.350705314968588,0.971852585085508
42,16,6.031236167145465,-0.10892946218108022
42,17,6.562422138067278,-0.5902747956053997
42,18,4.303545185600769,0.1673352470835563
42,19,4.555584183398937,0.33936233135479077
42,20,6.829282986256472,0.33337746025865145
42,21,9.186981343278502,-0.40400540682152136
42,22,10.0,0.6316276934914683
42,23,6.556112813323665,-0.40658676997214965
42,24,8.757982606698647,-0.7682441792395327
43,0,10.0,-0.12728608534582156
43,1,10.0,0.346149555513756
43,2,2.9820059307000575,0.8008637239595232
43,3,9.71668393390345,0.5237580013255341
43,4,4.763540557309492,0.13788917539518133
43,5,5.731892384923878,0.6428945988017373
43,6,8.780467166362616,0.6315993476764856
43,7,6.647898252231294,-0.5245676364836069
43,8,7.44306704364566,-0.8457472537776987
43,9,9.911677383002994,0.28964114232866595
43,10,10.0,-0.31609005656425176
43,11,10.0,0.7646372288531321
43,12,9.781254159765629,-0.6220774860921743
43,13,6.354106890440737,-0.8885982934626123
43,14,4.117900740725428,0.3940729288822074
43,15,8.362113151748892,0.973894317073166
43,16,6.100675681052473,-0.10137469862084575
43,17,6.640154832342725,-0.5832639079115559
43,18,4.3391689083873874,0.1683749352520902
43,19,4.4393377571525265,0.33892920742392696
43,20,6.927354146643647,0.33282638832840405
43,21,9.317061201796884,-0.4031452416870378
43,22,10.0,0.6294489946390597
43,23,6.612182763136379,-0.411717094084155
43,24,8.774023912086905,-0.7522045559782482
44,0,9.9787591004486,-0.1269659114170544
44,1,10.0,0.3376315260309783
44,2,2.9795431233947385,0.7991309824062371
44,3,9.647964217352017,0.5309821544505875
44,4,4.805872365724763,0.14198624377703195
44,5,5.864221930540529,0.6528862230497873
44,6,8.83991508954051,0.6316962696595839
44,7,6.744495863701261,-0.5175031027997296
44,8,7.46545502535929,-0.8357570358288704
44,9,9.88556454586435,0.28983386859458965
44,10,10.0,-0.3079237617264886
44,11,10.0,0.7572339056646379
44,12,9.762863984674482,-0.6202599381617079
44,13,6.396860188906675,-0.8896987929301148
44,14,4.214391392485111,0.38318985144251116
44,15,8.356579278564222,0.9754615916805845
44,16,6.187559300598913,-0.10319567811676372
44,17,6.70366133819024,-0.5814832835693209
44,18,4.458540779224048,0.1462976121803677
44,19,4.593988000249223,0.33743382123763616
44,20,6.955400368710473,0.3315455692239454
44,21,9.295074701318754,-0.40226731509569197
44,22,9.990438444753012,0.6328210291829001
44,23,6.6555645679216004,-0.4153907829962761
44,24,8.786837855932118,-0.7509322761109964
45,0,10.0,-0.10064723761412228
45,1,10.0,0.3365714500007096
45,2,3.0368462619945404,0.7681493507946524
45,3,9.750969929548278,0.5397578066608965
45,4,4.89082935583101,0.1361783528473352
45,5,5.933001338678792,0.6578942643009721
45,6,8.872406483992169,0.6253966296245194
45,7,6.817950883040856,-0.5184325348090901
45,8,7.471762211689642,-0.8363228160093157
45,9,9.904141033087914,0.3056997519067635
45,10,10.0,-0.31402687181924754
45,11,10.0,0.7545569349853506
45,12,9.842723667043844,-0.6361456302699603
45,13,6.448598870352378,-0.8945065051869041
45,14,4.2726704288067925,0.38771929910966785
45,15,8.348391115866317,0.9757705100266892
45,16,6.237906860260956,-0.10215438866709665
45,17,6.753306785859619,-0.5861039921680882
45,18,4.529212253628698,0.13654298647192822
45,19,4.584487221644246,0.3366739217359901
45,20,7.019896011735375,0.3423335453218133
45,21,9.351250921077519,-0.3878271106610167
45,22,10.0,0.6324589614852412
45,23,6.706459187831875,-0.4178995500607493
45,24,8.831508521631198,-0.7392919544130715
46,0,10.0,-0.09016917719150266
46,1,10.0,0.34086905959187425
46,2,2.996610971180033,0.7688306589383115
46,3,9.647222226177739,0.5489397329071739
46,4,4.915962740242911,0.13179705981201992
46,5,5.978069596018261,0.6583381824714747
46,6,8.89442614557497,0.6243314345091118
46,7,6.867936826847082,-0.5111795980553112
46,8,7.555300548468577,-0.8342109563084005
46,9,9.974590399730399,0.28431965512612745
46,10,10.0,-0.3155808268251351
46,11,10.0,0.7546559886911315
46,12,9.841617768784978,-0.6367071420715145
46,13,6.482342641542155,-0.8944528957201722
46,14,4.339981606323835,0.3902196656263931
46,15,8.327453025673519,0.9806483416696303
46,16,6.298723866278869,-0.09224213151005446
46,17,6.800116291552223,-0.5838484209832484
46,18,4.605521277321791,0.13359448006223973
46,19,4.574275647760876,0.3324893908586844
46,20,7.077875171411451,0.3328882131886664
46,21,9.288709767781718,-0.3809261867999783
46,22,10.0,0.6324012073922798
46,23,6.736051263864995,-0.42051507632822294
46,24,8.805873071362965,-0.7415259076835079
47,0,10.0,-0.08769148905664872
47,1,10.0,0.3421424373846726
47,2,3.0237158869898106,0.7873131880431674
47,3,9.80363329996983,0.5505037856318619
47,4,5.019783021342665,0.1348310350916978
47,5,6.062383697389646,0.651091256601844
47,6,8.993598417626558,0.6331051791410037
47,7,6.930662420611049,-0.5039686156479835
47,8,7.555731891684904,-0.8327816371304527
47,9,9.891026819189824,0.2707766160923696
47,10,10.0,-0.31032116400449133
47,11,10.0,0.7481068042761553
47,12,9.936655665965818,-0.641203817939855
47,13,6.522616472605491,-0.8992010236413871
47,14,4.393836688985862,0.3924335227571828
47,15,8.349103483961128,0.9840477202655822
47,16,6.374472994243916,-0.09718030684346675
47,17,6.856574757869074,-0.582229805662221
47,18,4.676211810646031,0.1332370902028759
47,19,4.5445501070697985,0.3427206305083534
47,20,7.1505089073524735,0.32681753584211143
47,21,9.455295446892483,-0.3797990095219194
47,22,10.0,0.6306505589306508
47,23,6.778242045833606,-0.4219271542466008
47,24,8.839019946137038,-0.7338644920233733
48,0,10.0,-0.08928464466019799
48,1,10.0,0.3474539906571414
48,2,2.9786856604146594,0.7985183562532631
48,3,9.79366934154465,0.5534343614462984
48,4,5.0427997210956,0.13524265846661057
48,5,6.117334026022477,0.6463164936516074
48,6,9.020852017216853,0.6330381740998638
48,7,6.995471291509019,-0.502957657966291
48,8,7.550050494010585,-0.8298472803999546
48,9,9.985793682181189,0.28702295030319286
48,10,10.0,-0.31152765503248586
48,11,10.0,0.7483768769729471
48,12,9.883984772511155,-0.6414697768750074
48,13,6.567435314306041,-0.9015669400552885
48,14,4.441653485707647,0.4054574217890758
48,15,8.328332846911282,0.9805297069767758
48,16,6.458058550214551,-0.09503003075785808
48,17,6.895270624842069,-0.5792397124826031
48,18,4.730494548303812,0.1371477415700191
48,19,4.59540986795738,0.3326296682927404
48,20,7.237392826255506,0.3291384797940129
48,21,9.545311897894457,-0.37887263183824543
48,22,10.0,0.6332566567401269
48,23,6.816295896276821,-0.42108505139094105
48,24,8.838255232201966,-0.7278781459757195
49,0,10.0,-0.0921562164934564
49,1,10.0,0.344675090196202
49,2,3.2336391530642357,0.7250148741531947
49,3,9.890051078748662,0.5631587000210362
49,4,5.161446213306078,0.13174936329075587
49,5,6.184513693267143,0.6480440502310868
49,6,9.075034934508869,0.6363450654591187
49,7,7.081191061512846,-0.5004253600581609
49,8,7.623628824189182,-0.8250396891642671
49,9,9.898234273807228,0.29222869960663606
49,10,10.0,-0.31290464082634567
49,11,10.0,0.7506376353086713
49,12,9.983963248885845,-0.6288831922559772
49,13,6.611195278156923,-0.903652304217055
49,14,4.501001896083293,0.38809574923209805
49,15,8.301194927253736,0.9801443367871229
49,16,6.4974391567687855,-0.08963123089621358
49,17,6.954014676579283,-0.5738671963276959
49,18,4.823792737202847,0.13131112518398533
49,19,4.585184807660773,0.3332895219264291
49,20,7.296497072491656,0.33048440174937227
49,21,9.61043652530582,-0.37929664306354804
49,22,10.0,0.6339139432212765
49,23,6.862375124124448,-0.42482782024895843
49,24,8.847513596459077,-0.729092872915624
50,0,10.0,-0.08735018906495275
50,1,10.0,0.33786297359752343
50,2,3.2244891649043215,0.7244469046110202
50,3,9.84348492633938,0.5696744464451343
50,4,5.129107594219687,0.12844788111707692
50,5,6.242257769124766,0.641374727821176
50,6,9.107299760744276,0.6358573832095048
50,7,7.143431852040675,-0.5002941690448099
50,8,7.667940970376747,-0.8226249921399983
50,9,10.0,0.295349325031888
50,10,10.0,-0.31170052119659497
50,11,10.0,0.755719771688677
50,12,9.95569984444372,-0.6239802863850548
50,13,6.668403688944708,-0.907070866124292
50,14,4.581552103031995,0.39648441576287136
50,15,8.316676075407274,0.9704793180779323
50,16,6.505177179984774,-0.08546140457914872
50,17,7.009061290229449,-0.5770095956692843
50,18,4.893735952363621,0.12693550117123265
50,19,4.563090543131358,0.33644699048482635
50,20,7.3620990741389845,0.33026173257354424
50,21,9.451094415704487,-0.380314670370779
50,22,10.0,0.6431538419721398
50,23,6.9330466360937635,-0.43801725169048816
50,24,8.860759471203435,-0.7240864079836077
51,0,10.0,-0.08340842737401807
51,1,10.0,0.34072253526788565
51,2,3.27725994635849,0.741122366826016
51,3,9.957906931779828,0.5710878088164467
51,4,5.282964691853943,0.12326413800541922
51,5,6.276197167355813,0.6401417731887605
51,6,9.152425835377558,0.6273605120440384
51,7,7.201187138407767,-0.4992245855422528
51,8,7.726092821315001,-0.81959495960518
51,9,9.938806158834742,0.2973039137698986
51,10,10.0,-0.3096882717329595
51,11,10.0,0.7575108719180083
51,12,9.974977204700188,-0.6264026872120204
51,13,6.71847289117258,-0.9074958043610103
51,14,4.660419907852463,0.4065883586662769
51,15,8.324486283827959,0.9592596779127013
51,16,6.633629594930083,-0.09125661193653474
51,17,7.059846327479755,-0.5829384835345409
51,18,4.9776112415759215,0.15003561348607347
51,19,4.57911195796263,0.34468687359199524
51,20,7.43332468410074,0.32832198729298556
51,21,9.750230355687513,-0.4030674594409306
51,22,10.0,0.6434279026880588
51,23,6.981559254625895,-0.4365647747625898
51,24,8.911103354912333,-0.7346437027096934
52,0,9.95718204164198,-0.08857679736657686
52,1,10.0,0.34189789252222474
52,2,3.311029572997178,0.7442916333065912
52,3,9.81694138747328,0.5697930096163725
52,4,5.361186734331089,0.11985176808754186
52,5,6.334957872638514,0.6461992438109105
52,6,9.194995527158394,0.6230190590722318
52,7,7.2618858182380155,-0.5040027187921782
52,8,7.76810055137617,-0.8143373392633702
52,9,9.907382193402409,0.29466062484364397
52,10,10.0,-0.30780678970128794
52,11,10.0,0.751570769722398
52,12,9.976271602505069,-0.6160754210796977
52,13,6.757989114148872,-0.9022812286140077
52,14,4.7354055052004504,0.40398176010822046
52,15,8.306447421040541,0.9563415584251564
52,16,6.695175099677385,-0.0953359414541733
52,17,7.131107712056104,-0.5889064970790091
52,18,5.0166939303772144,0.14980669621180348
52,19,4.556007744747284,0.34560544181520303
52,20,7.490745262180211,0.3302405091104012
52,21,9.727633447478198,-0.38743054047359615
52,22,10.0,0.642364569107301
52,23,7.024172395378794,-0.4320885000874064
52,24,8.861382803343197,-0.7404301028573165
53,0,10.0,-0.08069613137762459
53,1,10.0,0.35160594561970065
53,2,3.3983922385237975,0.7333073055135846
53,3,10.0,0.559520827114628
53,4,5.41986487098566,0.11933467070691395
53,5,6.3772320485392076,0.6522348420814689
53,6,9.234478572408806,0.617712853754179
53,7,7.302443163658654,-0.5060113091190305
53,8,7.752038913697257,-0.8139104499016847
53,9,9.8886374042532,0.28437609601486885
53,10,10.0,-0.30692934257663995
53,11,10.0,0.7497266578708366
53,12,9.969705222045375,-0.6234491179936672
53,13,6.79297556989269,-0.8983254461026542
53,14,4.733648258106345,0.40158755424632747
53,15,8.29703138537521,0.960280795701282
53,16,6.695719965648209,-0.09282175033181504
53,17,7.157348205065651,-0.5844506211214441
53,18,5.0386372310073835,0.13980077368876473
53,19,4.499967635863308,0.328936472719893
53,20,7.554535936292501,0.3331822356864989
53,21,9.798326855462427,-0.39803053970923896
53,22,10.0,0.6392566478040791
53,23,7.124583953158791,-0.43729183476804534
53,24,8.884159287225593,-0.729332366417853
54,0,10.0,-0.07813101813560148
54,1,10.0,0.35459237204300664
54,2,3.335889734122432,0.7442679293116451
54,3,9.910396173677361,0.5662204139183924
54,4,5.484012558608025,0.11964804878719293
54,5,6.429556433088973,0.6523124906692934
54,6,9.212121720937734,0.6194312514346638
54,7,7.360388511869813,-0.5055417075294637
54,8,7.771359766838647,-0.8206301433831493
54,9,9.95485538420582,0.29351059542097135
54,10,10.0,-0.2978651924338235
54,11,10.0,0.7571033743096307
54,12,9.969435121691498,-0.617555498934138
54,13,6.815681871891006,-0.9017798088298656
54,14,4.641373683341953,0.44846787355368
54,15,8.35017824590293,0.9611053189269814
54,16,6.805113395588668,-0.08928251758312249
54,17,7.2188175485517245,-0.5814006905003722
54,18,5.124012885486369,0.14760968508405573
54,19,4.573599319538678,0.33494230275613823
54,20,7.615179261639715,0.3347992036638075
54,21,9.83708370742781,-0.40128634508192246
54,22,10.0,0.6413038459311139
54,23,7.18655485995417,-0.4404156289578829
54,24,8.876353011753464,-0.7489046714444939
55,0,10.0,-0.08122892240669133
55,1,10.0,0.35769858691643824
55,2,3.47486303299969,0.7458538545279568
55,3,10.0,0.5518558453291897
55,4,5.572212798698552,0.12159453926460556
55,5,6.448886454203477,0.6520771599447461
55,6,9.270788424845287,0.619648234069876
55,7,7.421793484545255,-0.5079144121658267
55,8,7.805289242031171,-0.8280362306461942
55,9,9.88479303784017,0.30262626589571423
55,10,10.0,-0.29698800253689817
55,11,10.0,0.7560945686673473
55,12,9.973524367651741,-0.6246291634420423
55,13,6.853997753702079,-0.9037550897173027
55,14,4.91202417433185,0.413599266621553
55,15,8.311047514752486,0.9587421236326558
55,16,6.846479005825372,-0.08901864371611909
55,17,7.30041500709908,-0.5799878527801853
55,18,5.165290787008951,0.15091595187525428
55,19,4.615329237389663,0.3350483855871157
55,20,7.672049634614825,0.34212516881163935
55,21,9.5896814765637,-0.3964061062384594
55,22,10.0,0.644178138233945
55,23,7.275234864625075,-0.437458410835432
55,24,8.910579259154819,-0.7360131116237767
56,0,10.0,-0.07958979069170131
56,1,10.0,0.35803164423766437
56,2,3.5370756357962225,0.7472052524970989
56,3,9.924107807314599,0.5619456065007047
56,4,5.624588023361255,0.12367526212097037
56,5,6.531094054573319,0.6427826200602662
56,6,9.326490142585955,0.6132269192642831
56,7,7.457057933172387,-0.5097458633254214
56,8,7.842262649065432,-0.835067067141656
56,9,10.0,0.3079176833363087
56,10,10.0,-0.2988032018464148
56,11,10.0,0.7607694028980896
56,12,9.949454241298401,-0.6123129614242969
56,13,6.8909046668058265,-0.9008391045762051
56,14,4.949489369969191,0.4045422878539209
56,15,8.352394468003355,0.9536622924035343
56,16,6.874687203454861,-0.09184824638381232
56,17,7.291687248859559,-0.5831092273555526
56,18,5.217519997112859,0.14146089856732968
56,19,4.642989789907384,0.3506235475242306
56,20,7.757744473802982,0.34920087577107944
56,21,9.889554063422946,-0.38766358655908933
56,22,10.0,0.6320807736702558
56,23,7.349398766928286,-0.43261029186054917
56,24,8.919174525349227,-0.7414351741812326
57,0,10.0,-0.08086560993985009
57,1,10.0,0.3629185957930514
57,2,3.5285322779031976,0.7551961438545558
57,3,10.0,0.5796895949961566
57,4,5.714550751190001,0.12028587582628887
57,5,6.523525775151759,0.6424111073623315
57,6,9.320596354473363,0.6145374190022206
57,7,7.527823964057431,-0.5128153537351926
57,8,7.864031694802103,-0.8345362647446393
57,9,9.939573395405477,0.3053901216202388
57,10,10.0,-0.3002232003830075
57,11,10.0,0.7645111135087858
57,12,10.0,-0.6263955130680938
57,13,6.914606518520544,-0.8980210502531033
57,14,5.03824373937646,0.4015714661460301
57,15,8.398477757095234,0.9579443321042422
57,16,6.967013714568388,-0.1035199157329991
57,17,7.35365021251271,-0.5653351011946095
57,18,5.241364757062475,0.1401893686048617
57,19,4.602121758632034,0.3476660642698478
57,20,7.822922856849459,0.35450965767703246
57,21,9.759242110023466,-0.37905117821043416
57,22,9.993168805984892,0.6291898133852813
57,23,7.403177644088869,-0.4386847252472441
57,24,8.98136175697908,-0.7257741620767959
58,0,9.985166295957667,-0.08732057740981444
58,1,10.0,0.36327647664262924
58,2,3.4931927934300644,0.7647602308167354
58,3,9.93123507048551,0.584726870397026
58,4,5.791150117611024,0.12254936138806384
58,5,6.621167200177018,0.6420153123043747
58,6,9.433095140860825,0.6046462343032115
58,7,7.598183428582688,-0.5193816195307895
58,8,7.891456267462427,-0.8392471580557455
58,9,10.0,0.29970850227341
58,10,10.0,-0.30194804305646206
58,11,10.0,0.7646707038897625
58,12,9.981210330761675,-0.6401756117676393
58,13,6.967425302474599,-0.8977017740375807
58,14,5.111370499071252,0.40587281149647825
58,15,8.435781044883806,0.9612624568481569
58,16,6.986423690748277,-0.10512670028689991
58,17,7.378613399840087,-0.5685087974699625
58,18,5.274805753774421,0.15009303209545072
58,19,4.609438215839766,0.36231685717104156
58,20,7.867096743949115,0.3581394962493066
58,21,10.0,-0.38366448154226895
58,22,10.0,0.6353656051085761
58,23,7.454837817064032,-0.4432066005037502
58,24,8.950388530304604,-0.7155318291932761
59,0,10.0,-0.08149604042958178
59,1,10.0,0.35489569047875913
59,2,3.3609219873008613,0.7660869386848986
59,3,9.939829155487272,0.5966121402134594
59,4,5.866579166940774,0.12268809474673506
59,5,6.669854318071657,0.6396675999247118
59,6,9.475963141990718,0.6054408643542166
59,7,7.635533273515211,-0.5170320072076212
59,8,7.841988169927109,-0.8378604523838253
59,9,10.0,0.2953405176461056
59,10,10.0,-0.2956125449026194
59,11,10.0,0.7695933692289163
59,12,10.0,-0.6240936895844071
59,13,6.989400415851094,-0.896409061677335
59,14,5.174492602454319,0.4046255650854307
59,15,8.473187846790367,0.9602302650183325
59,16,7.077455979327142,-0.10647240853294884
59,17,7.39291046713921,-0.5793827061080246
59,18,5.3295501892190495,0.15356809322582915
59,19,4.552512937565561,0.3584022322005539
59,20,7.916624944069285,0.35533708747312237
59,21,9.940758863299392,-0.381168218675358
59,22,10.0,0.6385457265545721
59,23,7.535329761474348,-0.43442807131119965
59,24,9.06207540494835,-0.7343917029115173
60,0,10.0,-0.08277671421017586
60,1,10.0,0.3562410431344969
60,2,3.449929482623391,0.7838396986396988
60,3,9.876787539309456,0.6021692571285102
60,4,5.936438219594557,0.12875311351776633
60,5,6.722173798949222,0.6355628245327718
60,6,9.457715262857905,0.5976268767568089
60,7,7.656894819366676,-0.5127223051547758
60,8,7.881730169576108,-0.8346702799102376
60,9,10.0,0.2796650206811641
60,10,10.0,-0.3034956421776164
60,11,10.0,0.7650002655707115
60,12,9.93105483541636,-0.62015008765508
60,13,7.0341471704536245,-0.8975843340744426
60,14,5.230823621533778,0.40708422671853767
60,15,8.511008278806742,0.9561796303661564
60,16,7.15511390695566,-0.10451156321780901
60,17,7.4618933792059705,-0.5757966851387509
60,18,5.34302316943992,0.15605778129341324
60,19,4.637535073055771,0.3519705214851411
60,20,7.974828944425754,0.3504666064624148
60,21,10.0,-0.4005436092801491
60,22,10.0,0.6358542783190142
60,23,7.588124629328214,-0.42886734324279785
60,24,8.937803566654477,-0.7379248306511759
61,0,9.986951862175117,-0.09640864669092578
61,1,10.0,0.3595718513613643
61,2,3.455667779183215,0.7871903279110891
61,3,9.989860737310396,0.5993011765874766
61,4,6.011916954818804,0.1334946643410215
61,5,6.8076397141083556,0.6392936010790158
61,6,9.490379072979659,0.5906778698335592
61,7,7.742722425497662,-0.5191764920042901
61,8,7.79371886864746,-0.8304579512306329
61,9,9.921258722454963,0.27754834020593366
61,10,10.0,-0.2981044700306726
61,11,10.0,0.7681110440287718
61,12,10.0,-0.6175141296580724
61,13,7.087393294184161,-0.9007448766398182
61,14,5.314601963330015,0.41214996454721925
61,15,8.551714881058146,0.9479758810105565
61,16,7.214607037003979,-0.1012970970887651
61,17,7.404306395592016,-0.5750765246465851
61,18,5.396438266769066,0.1487048800752486
61,19,4.675893144183636,0.34619246451341623
61,20,7.988544322738566,0.34514597546956205
61,21,10.0,-0.4089169870526689
61,22,10.0,0.6341614279734267
61,23,7.651352305685512,-0.4323693183258044
61,24,9.23038318369398,-0.7432857750742392
62,0,10.0,-0.10109877787255679
62,1,10.0,0.3652300726880176
62,2,3.483088963750181,0.7753261039545088
62,3,9.921941428448084,0.5957252086082678
62,4,6.067665125030718,0.13351552111909035
62,5,6.854201813007861,0.6441048868205538
62,6,9.472354137465388,0.587999851162552
62,7,7.80344482083416,-0.5235130778275562
62,8,7.908366292044545,-0.8108855026369196
62,9,10.0,0.275204485969021
62,10,10.0,-0.29037380849205574
62,11,10.0,0.7694940523588119
62,12,10.0,-0.6211033799339428
62,13,7.111636016847762,-0.8968600065808032
62,14,5.342154029523677,0.4186266427034077
62,15,8.582226782294223,0.9492441417852878
62,16,7.286518845930988,-0.10419736710598757
62,17,7.492156597204724,-0.5772948121185537
62,18,5.402490261720245,0.1421360337238448
62,19,4.619649971666374,0.33926769788757716
62,20,8.022304707720084,0.338420181652213
62,21,10.0,-0.4110436814968492
62,22,10.0,0.6349124818359605
62,23,7.689433406714234,-0.44602958706976015
62,24,9.146041912460857,-0.7399006659811433
63,0,10.0,-0.10886956087071208
63,1,10.0,0.36750178198427935
63,2,3.5047413945483856,0.766168458745666
63,3,9.999963225417646,0.5886193190789224
63,4,6.136349872476423,0.13240139443445514
63,5,6.870022301805661,0.6446486677782803
63,6,9.500148303089377,0.586641883725667
63,7,7.886766111115668,-0.5214813274458631
63,8,7.898169704886044,-0.8019170964286549
63,9,9.997919476418012,0.27216159188351446
63,10,10.0,-0.29237261736826053
63,11,10.0,0.7683069213418025
63,12,10.0,-0.6250122925431764
63,13,7.202988830811122,-0.9016246183119984
63,14,5.502179728642434,0.4342425292997164
63,15,8.62430919915159,0.9556299843154882
63,16,7.350799469929776,-0.09946797330476151
63,17,7.545628275020541,-0.5787401638832178
63,18,5.422966966796,0.14442707170024704
63,19,4.729083518651048,0.34705814302842736
63,20,8.10072432009484,0.33732722812224947
63,21,9.849612496915341,-0.40738538097915394
63,22,10.0,0.6385354371117301
63,23,7.74038612038475,-0.44481562387966556
63,24,9.290101937622598,-0.7320203038353381
64,0,10.0,-0.11038664362049463
64,1,10.0,0.3653373852961861
64,2,3.51833097242377,0.7632494096012258
64,3,10.0,0.5872125638706113
64,4,6.1816478516661375,0.13465908281233782
64,5,6.956562385131884,0.6321890121287016
64,6,9.537281861993483,0.5777419343044586
64,7,7.936170457630453,-0.521033629368849
64,8,7.986068329502884,-0.7956707327424497
64,9,9.932466944813688,0.2556693008775864
64,10,10.0,-0.29801226756460675
64,11,10.0,0.7692423136739815
64,12,9.93488913903511,-0.6274938578872372
64,13,7.248192359367072,-0.9035151497130552
64,14,5.535888120723346,0.43910537437421115
64,15,8.632589652917659,0.9618464289437487
64,16,7.418818533444213,-0.10131306648588513
64,17,7.47908972835583,-0.5785800039253255
64,18,5.431371260314919,0.1439528036114956
64,19,4.700080367422004,0.34760825945452845
64,20,8.139231681061394,0.3383451056495415
64,21,10.0,-0.41336413357115975
64,22,10.0,0.6390865251103632
64,23,7.764039680371411,-0.44334462968953986
64,24,9.296413604906558,-0.728011229445981
65,0,10.0,-0.10567284143552957
65,1,10.0,0.366441421385344
65,2,3.484810267583547,0.7717994319014337
65,3,9.987084879604422,0.5826848220046238
65,4,6.264348397032578,0.128314473227393
65,5,7.019770473183402,0.6289194577135927
65,6,9.559119814440704,0.5763378614405956
65,7,8.014545235460133,-0.5168111183600114
65,8,8.034237823550445,-0.7952577320330383
65,9,9.983886964369749,0.2502060812713487
65,10,10.0,-0.29055512943618617
65,11,10.0,0.7723689557943811
65,12,10.0,-0.5988531883544581
65,13,7.277708614828206,-0.9049638752467407
65,14,5.569373401974142,0.4328485213328905
65,15,8.667080807428203,0.9609281859597627
65,16,7.461059107611328,-0.10341643546447346
65,17,7.602650444542491,-0.5856863610351091
65,18,5.505466408745204,0.1372034400028525
65,19,4.802820512316347,0.3530679026813314
65,20,8.239416679344053,0.3306265806712768
65,21,9.99280131141271,-0.41070675579978666
65,22,10.0,0.6490155914746434
65,23,7.816601995186703,-0.440519012349568
65,24,9.300124440785783,-0.7386037026204425
66,0,10.0,-0.10758180288384096
66,1,10.0,0.36752367206354153
66,2,3.5750305825780173,0.786782883752848
66,3,9.924658734467279,0.5852327294871572
66,4,6.340609791597283,0.13113109467301606
66,5,7.0889519740233515,0.6302999604224131
66,6,9.605344515876428,0.5658116382881825
66,7,8.064772866445823,-0.5157480692495985
66,8,8.065007090685773,-0.7933850836079264
66,9,9.956663775292297,0.25399433349326705
66,10,10.0,-0.28914870860658287
66,11,10.0,0.7745196892757107
66,12,9.93297341933063,-0.5994268535102616
66,13,7.3121470468319645,-0.9063940843377791
66,14,5.66617636962296,0.43484534402344455
66,15,8.694843466163483,0.9587773879581938
66,16,7.502697229941068,-0.11297484675376869
66,17,7.572813815892555,-0.5892044747105042
66,18,5.573261580396807,0.1390501966200913
66,19,4.848636541478156,0.353976074759048
66,20,8.305137156022715,0.3266011931549978
66,21,10.0,-0.4178800785674812
66,22,9.985815655733077,0.650312170926315
66,23,7.883369952204776,-0.45009862193365946
66,24,9.274676326634337,-0.746452241118304
67,0,10.0,-0.10729199088573695
67,1,10.0,0.3700653473708236
67,2,3.632323325920404,0.7940204967087987
67,3,10.0,0.5854587971387182
67,4,6.3976536837873,0.13532274680323758
67,5,7.137474243118329,0.6263144216336666
67,6,9.620650630251115,0.5640474983289568
67,7,8.120892793483828,-0.5201522281682069
67,8,8.122028483398857,-0.7940612623812119
67,9,10.0,0.2497644080211823
67,10,10.0,-0.2923154620998025
67,11,10.0,0.7793263607014403
67,12,10.0,-0.5871801431919116
67,13,7.326929399469559,-0.9009797141471423
67,14,5.739073818099074,0.4431091688579744
67,15,8.694089149791397,0.9512769298432593
67,16,7.587738138341748,-0.11434768874070081
67,17,7.676736995931663,-0.5771132526424342
67,18,5.539888817649166,0.13792652436696543
67,19,4.914225091813022,0.3520426772554534
67,20,8.37253647420612,0.3307182093240251
67,21,10.0,-0.4159934818141597
67,22,10.0,0.6308628438405657
67,23,7.934363992283731,-0.45478090148312
67,24,9.255491509953892,-0.7481848489768634
68,0,10.0,-0.10018718738895642
68,1,10.0,0.37043598547732687
68,2,3.604672483792424,0.7970499687211466
68,3,10.0,0.585524539371751
68,4,6.454679468150793,0.12658475902972266
68,5,7.213453207798195,0.6262706095515704
68,6,9.590615696326203,0.5636667090650394
68,7,8.161577323474074,-0.5216768736379672
68,8,8.084951834294237,-0.7982097748275137
68,9,10.0,0.25019952566989884
68,10,9.994607097731793,-0.1845614821756628
68,11,10.0,0.7764922510575882
68,12,9.936337618830194,-0.5090525980797396
68,13,7.373992004641937,-0.9100124080395953
68,14,5.811320613982994,0.4361816859704686
68,15,8.712228669731854,0.9435075895663735
68,16,7.6180824178165825,-0.11194973099213691
68,17,7.643514927891943,-0.5788384338530771
68,18,5.655540588872151,0.1307202583624478
68,19,4.780449983784934,0.3452833614375417
68,20,8.4502172403456,0.32877590515067306
68,21,10.0,-0.41366332399689176
68,22,9.949061264869623,0.6249474852960516
68,23,7.92185256243224,-0.4500921155313129
68,24,9.249482020691918,-0.7565013111152038
69,0,10.0,-0.10376627901808551
69,1,10.0,0.37054592144902104
69,2,3.693267487341715,0.7833489094004827
69,3,9.953075582534794,0.5941131597743514
69,4,6.532920217539798,0.13072259130442274
69,5,7.275880919754714,0.6276923483396122
69,6,9.656151375729465,0.5687144324664524
69,7,8.24584998956194,-0.5182736915440742
69,8,8.125997971714343,-0.8029709428162503
69,9,10.0,0.24994114895106065
69,10,10.0,-0.22279972927829544
69,11,10.0,0.7754875125699827
69,12,10.0,-0.5869660143631635
69,13,7.408737742780561,-0.9137707092246291
69,14,5.879387855454435,0.44213940971489224
69,15,8.746015662949988,0.9469904748454835
69,16,7.704400304864563,-0.11321666530485727
69,17,7.763643358863939,-0.5698391683172108
69,18,5.688194824475584,0.12560784100104572
69,19,4.973566204323419,0.3486301105000105
69,20,8.505708753623033,0.3295057712886215
69,21,10.0,-0.41138991414242093
69,22,10.0,0.622359976012831
69,23,8.022278531676324,-0.45574906025468803
69,24,9.130795808747528,-0.7547383690048028
70,0,9.987527482610961,-0.11628777204813237
70,1,10.0,0.3790792876690258
70,2,3.6003571333599362,0.7830432466360461
70,3,9.989808473690909,0.5986053894224513
70,4,6.5773089023111835,0.1265840470625092
70,5,7.316556078112166,0.6363472593670914
70,6,9.681322018090288,0.5695529131716824
70,7,8.27862424904473,-0.5221621863964951
70,8,8.079129121288272,-0.8044540765916919
70,9,9.964678477197596,0.2588727261972106
70,10,10.0,-0.23789228802813542
70,11,10.0,0.7774088529064679
70,12,10.0,-0.590617221510521
70,13,7.434948220988846,-0.912483083871005
70,14,5.941971369670775,0.43490615748278094
70,15,8.759676607870478,0.9474965379968584
70,16,7.7337866185933395,-0.11437130583497902
70,17,7.774109387845154,-0.5652553920376879
70,18,5.692760279940003,0.13408199094658074
70,19,4.943588872366159,0.3460741037761836
70,20,8.553321561686525,0.3334781382860289
70,21,10.0,-0.4118531925400671
70,22,10.0,0.6202930775306714
70,23,8.083822662541056,-0.4630249292824977
70,24,9.325574479116707,-0.7442503389974706
71,0,10.0,-0.10852539153998034
71,1,10.0,0.3821376931603703
71,2,3.787762151799275,0.777297649548156
71,3,10.0,0.5995486038521977
71,4,6.647388941545033,0.13278747949426864
71,5,7.331066227733454,0.6468627898881102
71,6,9.591681250727156,0.577002223037625
71,7,8.348966367862463,-0.5278523912200439
71,8,8.115831075285111,-0.8091513972897967
71,9,9.961370329950707,0.25804468716238227
71,10,10.0,-0.24881129784992304
71,11,10.0,0.7770822716013958
71,12,9.935663970326456,-0.592219705999556
71,13,7.4682794757894255,-0.9164486315882394
71,14,5.958761585417082,0.42947533334848276
71,15,8.803398473351791,0.9491910013523046
71,16,7.80862515559758,-0.11619252584594851
71,17,7.803971970311551,-0.5605007374863259
71,18,5.7517463657774215,0.13393261604468792
71,19,4.91559021119282,0.3394962681290708
71,20,8.63194345794031,0.3288490223000284
71,21,10.0,-0.42161697468142256
71,22,10.0,0.6206992026440304
71,23,8.169071968375778,-0.4697472223905972
71,24,9.265464817428184,-0.735933131011082
72,0,10.0,-0.11010211080651458
72,1,10.0,0.3744221923979501
72,2,3.779265646710936,0.777729469998443
72,3,10.0,0.5995007965724819
72,4,6.7007880137885385,0.1382686505613278
72,5,7.398634242166901,0.6434137290361839
72,6,9.776546034496846,0.5754261558635451
72,7,8.416220986288247,-0.5310552161786918
72,8,8.048710764485286,-0.818552607089744
72,9,9.92444117826099,0.24853475073258294
72,10,10.0,-0.24655595874988684
72,11,10.0,0.7796844608673862
72,12,10.0,-0.5925637488110819
72,13,7.505787522691085,-0.9130902990766095
72,14,6.018730702272763,0.43599761110033175
72,15,8.84060439369026,0.9469250949639058
72,16,7.871841743206781,-0.12035020579085573
72,17,7.8546197412081336,-0.5542994730141609
72,18,5.793257113715032,0.12323302467761484
72,19,4.873653099455861,0.34525303122647205
72,20,8.680397345038598,0.3285546379900082
72,21,10.0,-0.4196210536247565
72,22,10.0,0.6264662957769606
72,23,8.202176415145756,-0.4688626584652847
72,24,9.304557960878629,-0.7495537416978295
73,0,10.0,-0.10885069537827016
73,1,10.0,0.3744297979416026
73,2,3.7231575014590668,0.7862309898983468
73,3,9.91030772445175,0.6043192018668435
73,4,6.7521121112309155,0.14538455883626528
73,5,7.441020905869724,0.6409428558036099
73,6,9.703949511055479,0.5775658738037363
73,7,8.450806089306782,-0.5406369853681746
73,8,8.075075487207542,-0.8199640736153533
73,9,9.93331184673444,0.2598145813718095
73,10,10.0,-0.2515285608379918
73,11,10.0,0.7861098772112612
73,12,10.0,-0.5981519538691151
73,13,7.49786158138018,-0.9154193409855537
73,14,6.093837910400065,0.4377490614573922
73,15,8.87672154187183,0.9514725833834757
73,16,7.9083456261224,-0.11943153840074627
73,17,7.880013899938422,-0.561188023573898
73,18,5.800895946160418,0.12574362108112777
73,19,4.89771713150662,0.3270920718337758
73,20,8.717893527830295,0.3299401852060433
73,21,10.0,-0.4213138205667836
73,22,10.0,0.6413056519895628
73,23,8.242176484968995,-0.4639927572127955
73,24,9.322712831516881,-0.7502589324286032
74,0,9.951558197490442,-0.1044579338173539
74,1,10.0,0.3660741278753938
74,2,3.856996293262856,0.7993727522312196
74,3,10.0,0.6149685923038463
74,4,6.808750878279502,0.14467165771262205
74,5,7.433305884767882,0.640924917636337
74,6,9.91452135261215,0.5748648375043299
74,7,8.503547217733226,-0.5454851371119465
74,8,7.986468213588362,-0.8113630135596096
74,9,9.978574664753355,0.25650883829737237
74,10,10.0,-0.25871794227998435
74,11,10.0,0.7944060422208447
74,12,10.0,-0.596549426640918
74,13,7.571105062553049,-0.9112106324590334
74,14,6.171272815991831,0.44763484563207867
74,15,8.88164786206709,0.9551173511499952
74,16,7.939450182848346,-0.1226580765652577
74,17,7.871571376939149,-0.558492355452544
74,18,5.921900904986009,0.11776427238631518
74,19,4.952120049462293,0.32522172640790004
74,20,8.785046721838256,0.3317750740819588
74,21,10.0,-0.41737816013375933
74,22,10.0,0.6434877984220928
74,23,8.326202068600054,-0.46507821195294047
74,24,9.274862999040069,-0.7492229540481664
75,0,10.0,-0.10781348293499284
75,1,10.0,0.3675235135292861
75,2,3.756520170819413,0.806128748147487
75,3,9.963194324011065,0.613677168134221
75,4,6.850814484107099,0.14291951252613674
75,5,7.547931261694215,0.6345278801183393
75,6,9.98146024948253,0.5663322965499661
75,7,8.553866911196911,-0.5514957108555512
75,8,8.109401348445697,-0.7971758564101068
75,9,9.944444196239333,0.25518101167157875
75,10,10.0,-0.25791229223318535
75,11,10.0,0.7953101444715326
75,12,10.0,-0.5853701676876808
75,13,7.601952877371803,-0.9102119831957683
75,14,6.227200553902794,0.45081248945260904
75,15,8.875857810080287,0.9533786274253576
75,16,7.9729310663020545,-0.1146835953353514
75,17,7.861471030883259,-0.5586527887959856
75,18,5.985779763629502,0.11386719239976413
75,19,4.722766042515384,0.32236588628534757
75,20,8.817281022299218,0.3370267555626547
75,21,10.0,-0.4033568412586388
75,22,10.0,0.6510930426121002
75,23,8.379549724707063,-0.46591262514204296
75,24,9.366274225464057,-0.7467268987179231
76,0,10.0,-0.10616919007520165
76,1,10.0,0.3603983660151342
76,2,3.6526740367017547,0.8136498389486624
76,3,10.0,0.6222565184327787
76,4,6.89101807875073,0.13910582862313692
76,5,7.6056647470467365,0.6345171874707176
76,6,9.901950237346435,0.5756242142619317
76,7,8.612334071508414,-0.5440802691963729
76,8,8.066320290782999,-0.7929581619817411
76,9,10.0,0.245647166086571
76,10,10.0,-0.26145523833144607
76,11,10.0,0.7978227528758904
76,12,10.0,-0.5928311923396417
76,13,7.63312138266392,-0.9179784342377325
76,14,6.280695608387396,0.4481689382970502
76,15,8.95047494777142,0.9550672511670814
76,16,7.961032249993984,-0.11950502225183335
76,17,7.87218912447865,-0.5519301229101873
76,18,6.005655009213791,0.1221915243585425
76,19,5.021550098422433,0.2953827816505295
76,20,8.855885376441805,0.3394337023197597
76,21,10.0,-0.4033757550714421
76,22,10.0,0.6552257002297354
76,23,8.330998106485097,-0.4606450297911038
76,24,9.367359973726472,-0.7445154948968312
77,0,10.0,-0.11665178857040628
77,1,10.0,0.34926334935623665
77,2,3.781014801936178,0.8104328006555036
77,3,9.977108777735074,0.6238999915698228
77,4,6.907301847777198,0.1476936290596008
77,5,7.660631020409715,0.6354344305626237
77,6,9.97340571580151,0.5633417515978727
77,7,8.609398343853494,-0.5431418891045146
77,8,8.101330960735424,-0.815910270710462
77,9,10.0,0.2403074740675297
77,10,10.0,-0.263770508011566
77,11,10.0,0.7991361143316394
77,12,9.984529054120388,-0.5929387276223625
77,13,7.6803714430994425,-0.9160812236114488
77,14,6.316868759360288,0.44310969899864144
77,15,8.97817914135457,0.952800096833597
77,16,8.08515956415891,-0.1100397460553355
77,17,7.828795549470725,-0.5704568763717066
77,18,6.030738362996447,0.13691288924696732
77,19,4.922518656970386,0.29948034294129444
77,20,8.8885577911417,0.3456523756738271
77,21,10.0,-0.40659576231674627
77,22,10.0,0.6585152275090835
77,23,8.404897910275695,-0.4743905620310623
77,24,9.41005081438074,-0.7439802133546741
78,0,9.989793168574286,-0.12500158415400292
78,1,10.0,0.3485150889417167
78,2,3.745773518703321,0.8092980115696955
78,3,10.0,0.6285260918509102
78,4,6.949529506804362,0.14849856569038472
78,5,7.719081656549688,0.6460783533015739
78,6,9.905424058973729,0.5664340212020008
78,7,8.677516070658898,-0.545176956177642
78,8,8.062192116224546,-0.8185766150454764
78,9,10.0,0.24135354982867063
78,10,10.0,-0.261268001086193
78,11,10.0,0.8002346148498392
78,12,10.0,-0.601192791783269
78,13,7.720385007795281,-0.8949396317804645
78,14,6.409743038508488,0.4503944756246063
78,15,9.005948283696174,0.9487273295133625
78,16,8.167345455919543,-0.10909474465671172
78,17,7.899989154599965,-0.5769238565264014
78,18,6.022101277972196,0.13374685492636995
78,19,5.05560857712465,0.2977720960544331
78,20,8.91201352431074,0.34067598214753086
78,21,10.0,-0.4132386367608643
78,22,10.0,0.6561287025929061
78,23,8.402532379329843,-0.47190665789588515
78,24,9.42407957641652,-0.7445890500199852
79,0,10.0,-0.1269320593164153
79,1,10.0,0.34301251349032763
79,2,3.7064481754802023,0.8117495877433994
79,3,10.0,0.6258622460836314
79,4,7.032404209652126,0.15975627894323202
79,5,7.767605412646257,0.6497806840399499
79,6,9.964566098373547,0.5647737150177801
79,7,8.726869094865968,-0.5487622366204469
79,8,8.12037440029773,-0.8419677478869593
79,9,9.982001771367777,0.2420923647538564
79,10,10.0,-0.2552314342223211
79,11,10.0,0.7979212083111442
79,12,10.0,-0.6031475595323315
79,13,7.777896699872044,-0.8805381877915858
79,14,6.435103300627897,0.4541644270137535
79,15,9.001723112186443,0.9501863486186605
79,16,8.24911172421231,-0.10524795565775048
79,17,7.844975878180056,-0.578264382896627
79,18,6.105560922285609,0.13683556711467193
79,19,4.962001353808361,0.29755016041563154
79,20,8.994232521858136,0.333070618309615
79,21,10.0,-0.4137512559402295
79,22,10.0,0.6496744046386307
79,23,8.432769199059537,-0.46294915792395164
79,24,9.460730867758649,-0.7520185427113887
80,0,10.0,-0.12657122136632612
80,1,10.0,0.33467779050341034
80,2,3.796781038189079,0.8125812856662638
80,3,10.0,0.6285798446867167
80,4,7.100520734125473,0.16564234079987544
80,5,7.822735800470352,0.6505296443340945
80,6,9.958390829800999,0.5692556788203055
80,7,8.759439971447819,-0.5397619854797874
80,8,8.175054555714084,-0.8398549693614968
80,9,9.98111754128807,0.22774772854831898
80,10,10.0,-0.25860453314423343
80,11,10.0,0.7947685723922364
80,12,10.0,-0.5975670560807634
80,13,7.759037433142769,-0.8747168906598047
80,14,6.509793670768128,0.45401998830430496
80,15,9.003415609729942,0.9509103260990255
80,16,8.330277475812998,-0.1071075837461056
80,17,7.9029863889672525,-0.5666185784875998
80,18,6.169850164731427,0.13348838524796436
80,19,5.162912015569187,0.2916597532077122
80,20,9.064295338857521,0.3354267636511571
80,21,10.0,-0.4099391513937269
80,22,10.0,0.6561215418954511
80,23,8.413138027834028,-0.4620782278916531
80,24,9.498972693616741,-0.7537056034431937
81,0,10.0,-0.13243355653506314
81,1,10.0,0.33509653119796823
81,2,3.764819957424565,0.812866025820904
81,3,9.893764961204909,0.6196111592131535
81,4,7.160660642727628,0.16638804192471396
81,5,7.8597576835502325,0.6494745855260871
81,6,9.95601172806563,0.5738492326210489
81,7,8.770922444524928,-0.5337325186969565
81,8,8.150586153129776,-0.8364520043593072
81,9,10.0,0.23081551893628988
81,10,10.0,-0.2674398839339134
81,11,10.0,0.7968070834115941
81,12,9.998086098217037,-0.5977131536619946
81,13,7.8589294895709285,-0.8932850328062485
81,14,6.588201837536979,0.4529382249243336
81,15,9.00433061105551,0.9379185971554738
81,16,8.386432388819275,-0.11001221029074837
81,17,7.9759183423268185,-0.5637120133503433
81,18,6.25261138437884,0.1277732592500743
81,19,4.93096974264451,0.29447769114665984
81,20,9.099634659855532,0.340017599993893
81,21,10.0,-0.415502321991402
81,22,10.0,0.6704799970551888
81,23,8.551941661527163,-0.49287387282214534
81,24,9.41589872081647,-0.7465567812346129
82,0,10.0,-0.13714574605896537
82,1,10.0,0.33837660354314886
82,2,3.791035004184238,0.8141139616333247
82,3,10.0,0.6188190305674787
82,4,7.215097770463783,0.1624734069964489
82,5,7.911748775823934,0.6494936523144694
82,6,9.906159735212967,0.5773559713415618
82,7,8.81695568156499,-0.5470381528517105
82,8,8.188090685260596,-0.8444954288984339
82,9,9.87658899734095,0.23608926185257145
82,10,10.0,-0.2757958139953838
82,11,10.0,0.8004089176247012
82,12,10.0,-0.6085380803127924
82,13,7.862593679847267,-0.9026863409388691
82,14,6.6275036836323595,0.45427796149000615
82,15,9.014029863882525,0.9331013953202939
82,16,8.44693993610162,-0.11739151404731829
82,17,7.896266080339437,-0.5643148929222394
82,18,6.311980410432248,0.12969061463481382
82,19,5.230947643030034,0.2908363616789369
82,20,9.094834571987178,0.3357950993581887
82,21,10.0,-0.4223497885007893
82,22,10.0,0.6718388149200551
82,23,8.532562002689929,-0.5058202085622158
82,24,9.57580336279884,-0.73488708213027
83,0,9.96417889131885,-0.1365436438251381
83,1,10.0,0.34001453308273627
83,2,3.856107377544082,0.8164595803390216
83,3,10.0,0.6131421675815619
83,4,7.272059872396798,0.16124382859827444
83,5,7.963922467248946,0.6479761736305902
83,6,9.94231028150517,0.5917523531664315
83,7,8.835296242354868,-0.5390002702578933
83,8,8.09025664162559,-0.840092752177329
83,9,10.0,0.21873876561552
83,10,10.0,-0.2651397154143008
83,11,10.0,0.8035745004858151
83,12,9.992341662297449,-0.609072244229164
83,13,7.908419688172284,-0.8987650344453622
83,14,6.698337711904638,0.4451027943360896
83,15,9.04589941452444,0.9327150019092603
83,16,8.492681904769093,-0.11090119395507142
83,17,7.948093901709612,-0.5838436267653753
83,18,6.396428917821735,0.12176307866348456
83,19,5.1782830504863036,0.3026616745168529
83,20,9.178193308520736,0.3408335269453779
83,21,10.0,-0.4287404020638685
83,22,9.97672191352902,0.6671954974585248
83,23,8.566374359812217,-0.4963982150063312
83,24,9.515010051209524,-0.7294086026752772
84,0,10.0,-0.14813873695688642
84,1,10.0,0.33794332503446717
84,2,3.772093590651271,0.8170301998338074
84,3,9.973619577280287,0.6086491820825766
84,4,7.324688631164104,0.16170317944618248
84,5,8.028226373420203,0.6502267417964455
84,6,9.892532992993818,0.5911164379675017
84,7,8.83609647591496,-0.5331574669595662
84,8,8.258539849511198,-0.8484465254976058
84,9,9.704449416503955,0.23161206159108072
84,10,10.0,-0.26276108932688885
84,11,10.0,0.8005111682904295
84,12,10.0,-0.6029744205691835
84,13,7.930999461375259,-0.8961932281246378
84,14,6.706268839389698,0.44476423935439696
84,15,9.07791115926992,0.9279643067948626
84,16,8.54655979457113,-0.10527803375230177
84,17,7.921337772835856,-0.5923881633321738
84,18,6.468138695766271,0.12908830864697704
84,19,5.294404357805988,0.3026763312088538
84,20,9.191460772040866,0.33924166986533827
84,21,10.0,-0.41331261822498455
84,22,10.0,0.6523956870521563
84,23,8.609505238165308,-0.4894404810109904
84,24,9.620995594713898,-0.7199686686719265
85,0,10.0,-0.145729803959001
85,1,10.0,0.34292981124028943
85,2,3.6698962793464944,0.8126472869661544
85,3,10.0,0.6122307585229182
85,4,7.383495506556353,0.156440259823901
85,5,8.04567085823306,0.6493254146320404
85,6,9.933037689975531,0.5857763060847944
85,7,8.93674075522885,-0.5272268040066785
85,8,8.326686580018032,-0.8445386379775589
85,9,10.0,0.225099973281517
85,10,10.0,-0.2622790332578976
85,11,10.0,0.8052697650453379
85,12,9.884960139934746,-0.5995004113313839
85,13,7.965430976495985,-0.8931536484906776
85,14,6.819380548966785,0.45195566651154306
85,15,9.067989797559425,0.9311100687572417
85,16,8.605328076132635,-0.11211688635488724
85,17,8.053668269801236,-0.5842362064259383
85,18,6.517351635637285,0.1268446540268446
85,19,5.329734381079266,0.29943346280722416
85,20,9.270563736283162,0.3373490730281807
85,21,10.0,-0.40872085926427815
85,22,10.0,0.6453787137453395
85,23,8.678987990272557,-0.48693286937468433
85,24,9.515933657539918,-0.7171777706221998
86,0,10.0,-0.14622586708127777
86,1,10.0,0.3428341312208334
86,2,3.7708968505167717,0.8086148332190197
86,3,9.989978368340815,0.6115238428277137
86,4,7.430759810521616,0.15071502059284486
86,5,8.091782124808914,0.6571909348485805
86,6,9.919596214424274,0.5906217713563965
86,7,8.913265360264722,-0.5238208533641311
86,8,8.303505017218349,-0.8429087067747307
86,9,9.943668833428616,0.22446899950519814
86,10,10.0,-0.2623507141254261
86,11,10.0,0.8042955803332034
86,12,10.0,-0.5873971228211918
86,13,7.99423603195501,-0.8839163312967878
86,14,6.896780931623043,0.45329646194454243
86,15,9.087438148568173,0.9284308484305268
86,16,8.659614580766291,-0.10889632132150986
86,17,8.064258617413651,-0.5795739095112571
86,18,6.597999687313945,0.14202754468319034
86,19,5.184310139960623,0.2919030903357242
86,20,9.2777001574948,0.3408651273896814
86,21,10.0,-0.4074192614490654
86,22,10.0,0.642087283587131
86,23,8.721924938250119,-0.48405677047466256
86,24,9.749531569826202,-0.7134455742320581
87,0,10.0,-0.1497748549343245
87,1,10.0,0.3458995951937329
87,2,3.7168643520660036,0.8070940032753949
87,3,9.928420893438952,0.605277588273235
87,4,7.512805124393144,0.15483373551597898
87,5,8.120319504256994,0.6638242603565867
87,6,9.960394054493602,0.5964572434769358
87,7,8.957610885650048,-0.5317632028539463
87,8,8.382393380754268,-0.8510087011581002
87,9,10.0,0.23314352500071656
87,10,10.0,-0.26067026630465373
87,11,10.0,0.8011386912781833
87,12,10.0,-0.5859526237722638
87,13,8.013673685539569,-0.8858081767072606
87,14,6.943042506137092,0.45183061156064525
87,15,9.135131344502636,0.9256318919881744
87,16,8.719722386760594,-0.12150942671138883
87,17,8.052547390849144,-0.5728482038097126
87,18,6.6677915811236685,0.13799990300497783
87,19,5.327327590241541,0.302931938156157
87,20,9.351508509528594,0.32544934196272923
87,21,10.0,-0.40543925981530593
87,22,10.0,0.6456702247057635
87,23,8.75985290359589,-0.48271384293932224
87,24,9.789011054765526,-0.7143725926189499
88,0,9.99129227026202,-0.13058361593527829
88,1,10.0,0.355981118458281
88,2,3.693980315980208,0.8022139553727823
88,3,9.981422515697219,0.597676087149472
88,4,7.597303699480461,0.1541203721180718
88,5,8.136750931970317,0.6651339944306621
88,6,9.985643575409588,0.5982275010442221
88,7,9.002860709411205,-0.5339880516861593
88,8,8.374407584935188,-0.8544883891249567
88,9,9.9844218917885,0.23857892611763518
88,10,10.0,-0.2617599465382823
88,11,10.0,0.7573758168594813
88,12,9.953603613407441,-0.5911089487361609
88,13,8.042261854605542,-0.8874850873033407
88,14,7.038017786545953,0.4514972134227104
88,15,9.145528276142187,0.9282890007437524
88,16,8.77130621894679,-0.12096506472017036
88,17,8.02297693539663,-0.5654217949589352
88,18,6.738072328672382,0.1433688266353047
88,19,5.361202815219109,0.3085118911300074
88,20,9.433382283528916,0.3246735294207133
88,21,10.0,-0.4075515052723901
88,22,9.999577351080813,0.6555269890990058
88,23,8.7001519390507,-0.48749185518233196
88,24,9.706238786524139,-0.7114051629140792
89,0,10.0,-0.13602742873712384
89,1,10.0,0.35404320063165295
89,2,3.6824207774110147,0.7937856878885821
89,3,9.953076520479065,0.5956770605755501
89,4,7.660813742991568,0.15122596051200063
89,5,8.202664599533165,0.65497162894273
89,6,9.965677241123666,0.6033152807214276
89,7,8.995855666974528,-0.540771209497133
89,8,8.394435047369292,-0.8558076632900161
89,9,9.980823566648215,0.2376338231606869
89,10,10.0,-0.2547923681275444
89,11,10.0,0.7523044837941886
89,12,9.997039073892996,-0.5854254900377152
89,13,8.078002461805916,-0.8839572592308452
89,14,7.101143258002483,0.45584343209390543
89,15,9.152653417253836,0.936717757070067
89,16,8.791779499012591,-0.12050467332902541
89,17,8.148337885591685,-0.5825410928487861
89,18,6.820714513549114,0.1475632292240187
89,19,5.329719614493005,0.31718037829247175
89,20,9.415465343973095,0.3187592914366733
89,21,10.0,-0.41278548720043146
89,22,10.0,0.6540009516586399
89,23,8.763605005453003,-0.4703916358555117
89,24,9.707552124114054,-0.7078514227096915
90,0,10.0,-0.12096863958515613
90,1,10.0,0.34444890703356257
90,2,3.4442088189472395,0.7874154147735575
90,3,10.0,0.5887282250092126
90,4,7.726731851239845,0.14980722350130063
90,5,8.202700028793043,0.6447614755900897
90,6,9.978382484575434,0.6034900017799099
90,7,9.052337794688777,-0.537470811608616
90,8,8.317606368852454,-0.8643318976734735
90,9,9.946954342650539,0.23378328002100215
90,10,10.0,-0.2583563924791432
90,11,10.0,0.7493737972422481
90,12,9.928809739182194,-0.5965892810860157
90,13,8.132996304344333,-0.8845669256257154
90,14,7.1954901544603835,0.4459470638815723
90,15,9.15238686513307,0.9392300716130636
90,16,8.83738708644017,-0.11919584200958654
90,17,8.076034631863607,-0.591049574322344
90,18,6.830501788418469,0.135815837447536
90,19,5.459857459195368,0.32834061099548856
90,20,9.487169567072296,0.32741508535631186
90,21,10.0,-0.42237302922862324
90,22,10.0,0.6590772161111493
90,23,8.659427614238865,-0.45325041443887254
90,24,9.69875325544271,-0.7260239848786928
91,0,10.0,-0.12887804591719695
91,1,10.0,0.347335370463218
91,2,3.7428266486529007,0.8161798334515157
91,3,9.980797523502716,0.585846891841758
91,4,7.789743104575916,0.14959035565144713
91,5,8.290847217473463,0.6479596042646883
91,6,10.0,0.5902732889588791
91,7,9.039405228231923,-0.5376664357584554
91,8,8.388592748028556,-0.8507466639023749
91,9,9.974983874837974,0.248407843897552
91,10,10.0,-0.2597132455706947
91,11,10.0,0.7562060876423452
91,12,10.0,-0.5956437066177367
91,13,8.060428484923008,-0.8843096634575409
91,14,7.256098422633796,0.4416467720514085
91,15,9.148084042919763,0.9407219032386779
91,16,8.866188575538088,-0.13078153191025693
91,17,8.131770744680699,-0.6116849779259673
91,18,6.934643459763531,0.1525955891503538
91,19,5.4194599396384815,0.33477356387047513
91,20,9.432934362207051,0.3359750198058478
91,21,10.0,-0.4325938724446174
91,22,10.0,0.6657816944254646
91,23,8.888523792350744,-0.4750324725980558
91,24,9.57036215433353,-0.7136816413348788
92,0,9.997551265700404,-0.12249159783641216
92,1,10.0,0.3457773473836234
92,2,3.5116533095687696,0.8232768081937645
92,3,10.0,0.5965351147623893
92,4,7.81621993025598,0.14670041776875664
92,5,8.29903129061329,0.6485910563910627
92,6,10.0,0.5875874402281083
92,7,9.079255139620322,-0.5432429721113533
92,8,8.378047679222735,-0.8420823534238302
92,9,9.857978714316967,0.25219976960242646
92,10,10.0,-0.2642100807689587
92,11,10.0,0.7626736795192729
92,12,10.0,-0.5969189823140076
92,13,8.080141453252248,-0.9050802162660991
92,14,7.314283297171193,0.4364447014031221
92,15,9.161059115265857,0.9483958872960833
92,16,8.957144213842577,-0.12658308634916296
92,17,8.149025989830134,-0.6102885178665094
92,18,6.944391546606587,0.14981981098524547
92,19,5.628093611312555,0.3187464541874882
92,20,9.538345094846084,0.33661479505823827
92,21,10.0,-0.43239704454010136
92,22,10.0,0.6743938545034986
92,23,8.871791574193892,-0.47758525888659825
92,24,9.713315220221894,-0.7283234182611913
93,0,10.0,-0.11934316680429276
93,1,10.0,0.3575188783381486
93,2,3.8112107849826256,0.8069881948802478
93,3,9.891241386925126,0.5984378936691847
93,4,7.878133087351462,0.14505654340582616
93,5,8.32631942465643,0.6492669759014011
93,6,9.92945121662072,0.5862928166337618
93,7,9.040372637615453,-0.5406606905459507
93,8,8.191477659838002,-0.8344835944393993
93,9,10.0,0.2739423527021311
93,10,10.0,-0.2523440845376163
93,11,10.0,0.7533093568921989
93,12,10.0,-0.5986009039826465
93,13,8.11219866997767,-0.9060886267357438
93,14,7.393982830937555,0.43460954209482455
93,15,9.163986814842055,0.9471253393890867
93,16,8.968481640183123,-0.12155381739145972
93,17,8.134432582728198,-0.6110119684505669
93,18,7.060203302827313,0.1486061155176923
93,19,5.726446799402768,0.3120398956930553
93,20,9.54657053239972,0.33708094305509695
93,21,10.0,-0.4348249933012672
93,22,10.0,0.6827083494812358
93,23,8.98898956846402,-0.46382488349291423
93,24,9.76716307935321,-0.7296651660883854
94,0,9.978660225634547,-0.11256983400312498
94,1,10.0,0.3619271871036251
94,2,3.628061156979994,0.8090594300220033
94,3,10.0,0.5801043749574323
94,4,7.94012536535935,0.14929223644448247
94,5,8.389107004832908,0.6530704111830062
94,6,9.975315770338781,0.6095946198224638
94,7,9.086781606361846,-0.5246858407814988
94,8,8.491384305095131,-0.8419671851961616
94,9,9.882241667490806,0.27673027498060265
94,10,10.0,-0.2541508574012607
94,11,10.0,0.749786527016554
94,12,9.98453390857088,-0.6118217211549277
94,13,8.122703280153107,-0.9062713078518085
94,14,7.463657039554556,0.4432796715777383
94,15,9.203873715975948,0.9431573400287883
94,16,9.01077877424906,-0.12159153593119207
94,17,8.209068839323796,-0.6176344381416686
94,18,7.112668362377808,0.1474331783138088
94,19,5.785348630707367,0.31294684841764886
94,20,9.538954486430509,0.3422510529840426
94,21,10.0,-0.4350263799837629
94,22,10.0,0.6781726875368993
94,23,9.060394165963977,-0.4651863919157643
94,24,9.808433568798778,-0.7239747011578879
95,0,10.0,-0.1143395112222531
95,1,10.0,0.3608698407683356
95,2,3.927164572081803,0.785882996421578
95,3,9.838783424674531,0.5709465465619568
95,4,8.023507303393703,0.14386847739329636
95,5,8.441217874632803,0.6574192318494996
95,6,9.967909133709346,0.6105126311495568
95,7,9.124286276655866,-0.5259275772101681
95,8,8.471100752944908,-0.8188272346464882
95,9,10.0,0.2372403654443456
95,10,9.810478386117298,-0.30939044895216444
95,11,10.0,0.7439340689616213
95,12,10.0,-0.6002173997612175
95,13,8.092567459878111,-0.9135707015254552
95,14,7.523086903263117,0.44678182084564144
95,15,9.238612692783525,0.9427940355345851
95,16,9.01931026367005,-0.13067236435698923
95,17,8.177736300221705,-0.6153941073036957
95,18,7.146835831381981,0.143877603765601
95,19,5.8627414440833086,0.3172668195573986
95,20,9.67860656022192,0.3348276733523608
95,21,10.0,-0.4317062760719436
95,22,10.0,0.6757042015683802
95,23,9.024417300039598,-0.46277721603101346
95,24,9.543510713095458,-0.7205454577054342
96,0,10.0,-0.13543054442926197
96,1,10.0,0.3475871138242657
96,2,3.80893490600701,0.7927677007728149
96,3,10.0,0.602462703178293
96,4,8.049432509631016,0.14176644092278354
96,5,8.40523245793595,0.6588530895474838
96,6,9.907908779639502,0.6053957400807294
96,7,9.17820345901598,-0.5312478985139433
96,8,8.562102311408834,-0.8230039277993877
96,9,10.0,0.2296203978008857
96,10,10.0,-0.27141135086200824
96,11,10.0,0.7444044225844167
96,12,10.0,-0.6080020074073362
96,13,8.083329746061935,-0.9079383805358634
96,14,7.56562074045895,0.4534302102423441
96,15,9.25876516753063,0.9394371247766783
96,16,9.01013245525156,-0.12510620769130135
96,17,8.103846806823732,-0.6011815593084535
96,18,7.145924225534034,0.15358335565893647
96,19,5.885947131223761,0.3197001315799035
96,20,9.594919172799388,0.3302554723623362
96,21,10.0,-0.4251620565603759
96,22,9.992184759563408,0.6655179859229986
96,23,9.137267596946689,-0.4579466679801194
96,24,9.843384672896665,-0.7118501582198413
97,0,10.0,-0.1437723907608403
97,1,10.0,0.3477231289210314
97,2,3.88364241704166,0.7965944785667565
97,3,9.873631166170242,0.5964293529754356
97,4,8.111849836176498,0.15704992640435692
97,5,8.454499365786543,0.6550118658188451
97,6,9.936254570049947,0.6016223055954019
97,7,9.233455103735961,-0.5420069867203986
97,8,8.592819979185467,-0.8236421586057664
97,9,9.895422526293167,0.22531500834035695
97,10,10.0,-0.29149111968513863
97,11,10.0,0.7443406017397982
97,12,9.975773429921068,-0.6070395235358091
97,13,8.097965022319615,-0.9133970251069118
97,14,7.619093891151075,0.4461265169855011
97,15,9.287140204560302,0.9467676094863473
97,16,9.08406031810745,-0.13710420274889817
97,17,8.177573027310997,-0.611485223379352
97,18,7.169004826304698,0.15303265144253714
97,19,5.941884247104882,0.3212747057566081
97,20,9.831131280115104,0.3611938330525971
97,21,10.0,-0.4193769111384394
97,22,10.0,0.6587717698219273
97,23,9.030227596745537,-0.45413014168277077
97,24,9.65745457116788,-0.7195107106583472
98,0,9.966887998308788,-0.1345157010600876
98,1,10.0,0.3473032771625098
98,2,3.85742188857251,0.7986805937552632
98,3,10.0,0.6171042653923309
98,4,8.161029759240852,0.16231765814718382
98,5,8.47013120774804,0.6578426084061159
98,6,9.880794335425637,0.6139797302953041
98,7,9.29359335704398,-0.5336913592640586
98,8,8.60589572816419,-0.8208732420715104
98,9,10.0,0.26028984594298027
98,10,10.0,-0.2835865959647652
98,11,10.0,0.7476243025713503
98,12,10.0,-0.6044378206681648
98,13,8.136483368852936,-0.9103898890884756
98,14,7.6931700686229,0.44619931347721703
98,15,9.30563422601384,0.9455465136432813
98,16,9.123217949028627,-0.13726519504017082
98,17,8.1261539706575,-0.603104904494435
98,18,7.269284093903644,0.14885656022737498
98,19,6.02975361626316,0.3196112042916432
98,20,9.855067018932676,0.35226150225390995
98,21,10.0,-0.4229470868429283
98,22,10.0,0.6552639184193245
98,23,9.3240109119355,-0.44786036316639183
98,24,9.957388138293716,-0.7258238169596777
99,0,10.0,-0.1348941051939064
99,1,10.0,0.3498331372212323
99,2,3.7477632648189565,0.7927431583068411
99,3,10.0,0.6284471004375256
99,4,8.183484074707534,0.1515925028317497
99,5,8.463880361808792,0.6559596227005157
99,6,9.933312971817895,0.5978386429754831
99,7,9.213376286755398,-0.5264323476048008
99,8,8.640005814982374,-0.8192874620959913
99,9,9.90528649779026,0.2612756920821678
99,10,10.0,-0.282327364570211
99,11,10.0,0.7598745567159851
99,12,9.93871271651225,-0.6073396432523002
99,13,8.082620660259135,-0.8998414757375289
99,14,7.770467547423034,0.4421810844445265
99,15,9.347326583474292,0.94598638351179
99,16,9.18617885791841,-0.1306007023150164
99,17,8.121980950153105,-0.5997881541691015
99,18,7.2328286038288265,0.146064047633218
99,19,6.056307725820021,0.31522565914796086
99,20,9.938486689679998,0.35470479955592776
99,21,10.0,-0.42461609620087215
99,22,10.0,0.650026713598399
99,23,9.265776260449174,-0.46594152730797334
99,24,9.95572101663654,-0.7233986309512355
100,0,10.0,-0.13129934201905008
100,1,10.0,0.34816133937047633
100,2,3.9950978158804262,0.8149866301582025
100,3,9.92149912923799,0.6239448603690431
100,4,8.222161665839147,0.14352596444567703
100,5,8.505902780178243,0.6663497247858561
100,6,9.894369634868294,0.5943832371739649
100,7,9.41481296940878,-0.537586619482115
100,8,8.648686133419597,-0.8273239392907018
100,9,10.0,0.258469486696679
100,10,10.0,-0.290737490593108
100,11,10.0,0.7693444978764272
100,12,9.985783208111263,-0.6128107738055085
100,13,8.183671603656226,-0.9113575040776356
100,14,7.814046612588934,0.4409793491859858
100,15,9.340607080885071,0.952814997562217
100,16,9.249214957105265,-0.12923931156473928
100,17,8.04074695470937,-0.6012985271821587
100,18,7.401397702945811,0.14731968796159778
100,19,6.127569323743939,0.3218514579181373
100,20,9.816670378177784,0.35506386696464604
100,21,10.0,-0.4238154640586644
100,22,10.0,0.6563173989344064
100,23,9.256097343335286,-0.4548024558015526
100,24,9.990432823782125,-0.724548877224058
101,0,10.0,-0.1324165833120163
101,1,10.0,0.34327004848225895
101,2,3.6953956833528876,0.8016213109160106
101,3,10.0,0.6164917664068091
101,4,8.234950311751321,0.14181162261843552
101,5,8.531051923350708,0.6570415140112263
101,6,9.904641348861203,0.6032470824363404
101,7,9.480761286491008,-0.5404572980753806
101,8,8.686856203044641,-0.8326286024442461
101,9,9.989802572754824,0.25564033042852463
101,10,10.0,-0.2923923515990577
101,11,10.0,0.7758580402539117
101,12,10.0,-0.6166552028183752
101,13,8.222980361274699,-0.9116797571720454
101,14,7.880743097962016,0.44024880210241873
101,15,9.297481457779115,0.9518687832358208
101,16,9.31782339912708,-0.12470603865757585
101,17,8.20997629198321,-0.5949569510034813
101,18,7.482808894674372,0.14590656974852886
101,19,6.171664297470721,0.3213809855529053
101,20,10.0,0.36850046464831754
101,21,10.0,-0.42089689571968253
101,22,10.0,0.6566381154776268
101,23,9.178171239916269,-0.4523895652644594
101,24,9.875841027852642,-0.728237776344215
102,0,10.0,-0.14656730825504194
102,1,10.0,0.34468246287541404
102,2,3.9946606898684087,0.8226083515664938
102,3,9.97124171149856,0.610373494839684
102,4,8.33497054510051,0.14623941086886544
102,5,8.48841919242652,0.6530635927705648
102,6,9.852674067332318,0.6089501918938114
102,7,9.511259305050448,-0.5462288998290714
102,8,8.685949626944176,-0.8374975461419779
102,9,10.0,0.2604070046262018
102,10,10.0,-0.2895539154042855
102,11,10.0,0.7820577067546841
102,12,9.92936882093673,-0.6130685937285442
102,13,8.251023079994786,-0.9036350943772976
102,14,7.927017591119308,0.4368462868736508
102,15,9.297692479747337,0.9436533807624173
102,16,9.264460793347011,-0.11858945517085988
102,17,8.284950226815791,-0.5928593113375171
102,18,7.550213563878654,0.1452049227840523
102,19,6.1621584334353114,0.326867974709471
102,20,9.872128406068962,0.3619484189615023
102,21,10.0,-0.41703180093814984
102,22,10.0,0.6520342413336382
102,23,9.317025209388055,-0.45008044265512304
102,24,9.962957181254584,-0.7217368832212286
103,0,10.0,-0.15031450044112196
103,1,10.0,0.343146005756724
103,2,3.8003382458405506,0.7927380027491314
103,3,10.0,0.6148981973017202
103,4,8.406741179540974,0.14768850839904357
103,5,8.588807261872839,0.6683515124265229
103,6,9.929576557743314,0.5948201026602625
103,7,9.47194779676772,-0.5324108475278794
103,8,8.748858322082075,-0.8333114849075985
103,9,10.0,0.24581872306135794
103,10,10.0,-0.28657422971984015
103,11,10.0,0.7818051014099643
103,12,10.0,-0.6202165241053794
103,13,8.264706443039083,-0.904505680223689
103,14,7.98582079302053,0.44291542742105733
103,15,9.265405113872632,0.9347446323587801
103,16,9.496203090537623,-0.12500033155020365
103,17,8.231516917852566,-0.5924363170865362
103,18,7.613675271952624,0.142642489656851
103,19,6.2801822803074305,0.3163679806667405
103,20,10.0,0.33155555580604423
103,21,10.0,-0.41724832522051886
103,22,10.0,0.6533976932140796
103,23,9.36237962470684,-0.4485923135707211
103,24,9.919729551695921,-0.7222014791319947
104,0,9.96415894369851,-0.14566249459327632
104,1,10.0,0.33870567732255946
104,2,4.099642827468167,0.8131528849853231
104,3,9.964139651918932,0.6135970527556156
104,4,8.42778783239049,0.14400630016169333
104,5,8.562082167046025,0.6723726248936884
104,6,9.89039912804227,0.5999298666653444
104,7,9.592277269986214,-0.5404882775709702
104,8,8.800220838584623,-0.8246894533824896
104,9,9.955404562510138,0.24020190173898728
104,10,10.0,-0.289655170084907
104,11,10.0,0.7825481344253159
104,12,9.833644142396533,-0.6250496002382809
104,13,8.335517187069263,-0.9081118048294334
104,14,7.998393162580686,0.4507837721746592
104,15,9.302722324025074,0.935339072758281
104,16,9.508565190260425,-0.12573615064704943
104,17,8.241046977215387,-0.5947397062266772
104,18,7.702016114421057,0.13488009576304466
104,19,6.323631169381517,0.3103738105617879
104,20,10.0,0.3221165660787436
104,21,10.0,-0.42045860131641405
104,22,10.0,0.6462399262618423
104,23,9.34902888247649,-0.44693869798358005
104,24,9.84032495649108,-0.7234503414430985
105,0,10.0,-0.13581624362741457
105,1,9.869479050017336,0.2618051338088967
105,2,4.067990543636138,0.8038858594801462
105,3,10.0,0.6031066331752837
105,4,8.439327926791275,0.14376041478205412
105,5,8.653386158971845,0.6559488693657031
105,6,9.9222430353543,0.5909866735685722
105,7,9.510443767377613,-0.5434847110153762
105,8,8.788019461336148,-0.8213121705634352
105,9,10.0,0.2525939385158458
105,10,10.0,-0.2921375316759591
105,11,10.0,0.7741499347551525
105,12,10.0,-0.5964126668362185
105,13,8.36898593928397,-0.9100123084634247
105,14,8.094931736792397,0.4457984598491978
105,15,9.24856357970448,0.9360298056710836
105,16,9.452609609607334,-0.13106393479591844
105,17,8.186410343889245,-0.5999655272285295
105,18,7.775218272489925,0.12790945190843292
105,19,6.346185919793985,0.30517699529357223
105,20,10.0,0.3194752533392555
105,21,10.0,-0.4182241881950023
105,22,10.0,0.6435902997219178
105,23,9.225543973103287,-0.4397383948186201
105,24,9.645454164093648,-0.7130234688524539
106,0,10.0,-0.1307231661785369
106,1,10.0,0.3391320853629387
106,2,4.008790314334991,0.806032511303817
106,3,9.96003819940332,0.5911894829659583
106,4,8.487912242158243,0.1535829257710571
106,5,8.688967260717101,0.6610776098730661
106,6,9.841308787973247,0.5974496434725725
106,7,9.486517866642908,-0.5204982420507076
106,8,8.783688643548757,-0.7983174653088996
106,9,9.99468190807764,0.26025772901318833
106,10,9.954268588115148,-0.30414244602262935
106,11,10.0,0.7689279604568678
106,12,9.974725855301854,-0.6088490579403588
106,13,8.273302578762253,-0.9084111523177817
106,14,8.082073188180786,0.44372431466318546
106,15,9.274837577595164,0.9291029437079049
106,16,9.55812010928186,-0.1269332847576421
106,17,8.266576264359815,-0.5989956567501445
106,18,7.8354908680651105,0.1252786048162855
106,19,6.4155062831032605,0.30430735914127066
106,20,9.97692358223409,0.323472061744637
106,21,10.0,-0.4123763145842457
106,22,10.0,0.647328836625977
106,23,9.341044144814818,-0.454561188387873
106,24,9.944990792691808,-0.7296910460023627
107,0,9.97372767699568,-0.12963734385651648
107,1,10.0,0.3167483687686816
107,2,4.008056203797942,0.8047790878947693
107,3,10.0,0.6029620264196747
107,4,8.52855454706188,0.16145930785706747
107,5,8.751589811406568,0.6632693942894299
107,6,10.0,0.6152216282909491
107,7,9.546716632405184,-0.5156577008933649
107,8,8.825419322294225,-0.7954431858535923
107,9,10.0,0.2469809381058479
107,10,10.0,-0.28654447761157015
107,11,10.0,0.7662774197998876
107,12,9.98419299059658,-0.6027011032629123
107,13,8.370254419323341,-0.9361743541426778
107,14,8.233595836072077,0.44654279664609114
107,15,9.260322227730281,0.9280665137141256
107,16,9.631642815415908,-0.12499725730981917
107,17,8.174138410706108,-0.5998806693997972
107,18,7.916357096718965,0.11716312582219274
107,19,6.467710968877835,0.30324805470743466
107,20,10.0,0.3403728367992682
107,21,10.0,-0.41420896563308984
107,22,10.0,0.6448250663979074
107,23,9.241907718947559,-0.45966240928376656
107,24,9.645050024789104,-0.723729859045414
108,0,10.0,-0.13083256725026532
108,1,10.0,0.3124710656702416
108,2,3.929469928205857,0.8031687545557817
108,3,9.878853089608523,0.6003043597728718
108,4,8.55233995951668,0.15919584884726737
108,5,8.81718781916158,0.665261031507102
108,6,10.0,0.6241129884080273
108,7,9.560985266214274,-0.5147798709026868
108,8,8.814196097416488,-0.7950011823981613
108,9,9.930730233597444,0.24403544891870352
108,10,10.0,-0.277675753574535
108,11,10.0,0.7672175096154487
108,12,9.948421922558937,-0.601332542483219
108,13,8.353272593998144,-0.9463658244402372
108,14,8.222641402605904,0.4470566660671832
108,15,9.31786336027465,0.9434992337035302
108,16,9.647330314301286,-0.12400379970888445
108,17,8.220789719690412,-0.5869681662959455
108,18,7.970970318181871,0.12059639438528644
108,19,6.491306191708378,0.30667827809295745
108,20,10.0,0.34983386976227565
108,21,10.0,-0.41683845309639245
108,22,10.0,0.6386378675284895
108,23,9.436587414179744,-0.4695776208848156
108,24,9.945048375488753,-0.7247246341405343
109,0,9.98586231437332,-0.13122568417823863
109,1,10.0,0.3247250493341939
109,2,4.028295829671492,0.7896784754423576
109,3,9.996384251173758,0.6182733108181147
109,4,8.638339761820601,0.1599581856694824
109,5,8.862490232070343,0.6649897357701292
109,6,9.946425388237138,0.6269308287903654
109,7,9.566969127777163,-0.5237077216125826
109,8,8.858401831742569,-0.8022919949407962
109,9,10.0,0.2450829807110735
109,10,10.0,-0.2757726186128067
109,11,10.0,0.7695246456006191
109,12,10.0,-0.598130302092711
109,13,8.395543100915278,-0.947819665577075
109,14,8.341658077583682,0.4307337698217236
109,15,9.32605424642205,0.9483561332531113
109,16,9.639160708392057,-0.124330421434614
109,17,8.277034832857803,-0.596688900527218
109,18,8.0248647191381,0.11795423590541997
109,19,6.552230043198582,0.30212487290542567
109,20,9.958959673983069,0.3507702902741644
109,21,10.0,-0.4190121470869349
109,22,10.0,0.6383307849198225
109,23,9.284899436115463,-0.47051972007028003
109,24,9.921801037997847,-0.7185955941915599
110,0,10.0,-0.13213257538101753
110,1,10.0,0.3153253404713778
110,2,3.9275169418550973,0.7835683998954202
110,3,9.915679334024533,0.6200001051262902
110,4,8.650446200848439,0.16131339300958258
110,5,8.927748462644225,0.6622905258546787
110,6,9.950653437136912,0.6147516043329653
110,7,9.59525356591669,-0.507481767954669
110,8,8.905098942473566,-0.8058167796576297
110,9,9.969451326254871,0.24680253983484685
110,10,10.0,-0.2701971563408213
110,11,10.0,0.7705260367952201
110,12,9.793997160960137,-0.6032108725321673
110,13,8.399311323580061,-0.9493603918182619
110,14,8.356040909437246,0.42461323749057267
110,15,9.311918597167729,0.9585647388355802
110,16,9.76514044132013,-0.12061706835524601
110,17,8.227338936153354,-0.59441831817775
110,18,8.065457453200347,0.11820661616139681
110,19,6.577553402001811,0.2964983754315374
110,20,10.0,0.36051603197432286
110,21,10.0,-0.4191786533912006
110,22,10.0,0.632973339063484
110,23,9.584265820590476,-0.49000735323491457
110,24,9.953392303603774,-0.718379381842093
111,0,10.0,-0.12786898711872396
111,1,10.0,0.3157646228970997
111,2,4.125689341272018,0.7866550976985888
111,3,9.960326841671964,0.6128229953585945
111,4,8.7391435179224,0.1528708379105924
111,5,8.842331197839776,0.6590221716101761
111,6,9.918401304059767,0.6116974701901052
111,7,9.69454355502945,-0.5220113663570244
111,8,8.905959658656855,-0.8135945118395254
111,9,10.0,0.2449011046973555
111,10,10.0,-0.26985635991729634
111,11,10.0,0.7755920931635824
111,12,10.0,-0.6176052759988832
111,13,8.363679277062944,-0.9433306730492272
111,14,8.35581502169091,0.4411156469294256
111,15,9.313711702626472,0.9634257566134004
111,16,9.677727691768826,-0.1180534202214322
111,17,8.354126100171285,-0.5935009845288739
111,18,8.097054637272523,0.12125380036370796
111,19,6.559953453498431,0.2963570258627521
111,20,10.0,0.3651387970843495
111,21,10.0,-0.42304845596408713
111,22,10.0,0.6350302512551322
111,23,9.349867208812471,-0.4931496549434318
111,24,10.0,-0.7129094618069503
112,0,9.969411092962755,-0.1295028142089152
112,1,10.0,0.3272987017823361
112,2,3.9926980470546285,0.7862218781298517
112,3,9.881645664612074,0.6025860150128489
112,4,8.711412902321987,0.14844935490755756
112,5,9.023183473972779,0.6575814742165086
112,6,10.0,0.6245461673609395
112,7,9.66701773502578,-0.5255582617996986
112,8,8.918915043643079,-0.8309808662204768
112,9,10.0,0.23458233655041838
112,10,10.0,-0.27366586087739303
112,11,10.0,0.7759700991219951
112,12,9.995529677605264,-0.6093228131299298
112,13,8.313399588385952,-0.9286225425581728
112,14,8.421196906258777,0.44030831041896085
112,15,9.272172763003852,0.9603037801525999
112,16,9.838309255238832,-0.120033208429139
112,17,8.345365635938752,-0.5929681919307269
112,18,8.199444448150526,0.10682880165315853
112,19,6.604585541858358,0.2944525691305982
112,20,9.940980796092116,0.35767310122792834
112,21,10.0,-0.42530582736013306
112,22,9.984639119262749,0.6336035624800854
112,23,9.649866632786678,-0.49373754536167125
112,24,9.799933746604417,-0.7114096818250291
113,0,10.0,-0.14309105445121933
113,1,10.0,0.33046548837967843
113,2,4.292607123255601,0.778836350912411
113,3,10.0,0.5763895784914732
113,4,8.731730257702639,0.1494915092135272
113,5,9.117386782411334,0.6602324434902281
113,6,9.993949856282388,0.6319272461891998
113,7,9.711483443914808,-0.49917496881119644
113,8,8.953307711391668,-0.8332300969773658
113,9,9.923390971622668,0.24679397926122304
113,10,10.0,-0.27382622834367465
113,11,10.0,0.7740586193865266
113,12,10.0,-0.6090343364981164
113,13,8.270171463390811,-0.923289564447551
113,14,8.424498340116875,0.44461153265269576
113,15,9.355403116513655,0.9571613549239788
113,16,9.731741865170466,-0.11985414198999617
113,17,8.31309979443278,-0.5921489060432388
113,18,8.249646867954633,0.10295115872657844
113,19,6.692326225824065,0.30474103078196
113,20,10.0,0.3673722146545949
113,21,10.0,-0.43240901493618156
113,22,10.0,0.6372786076671577
113,23,9.388109017864402,-0.5020854906445161
113,24,10.0,-0.709586784392133
114,0,10.0,-0.14043497142624442
114,1,10.0,0.32893762650738323
114,2,4.232901282723721,0.7898780535889491
114,3,9.961713171409682,0.5665039742453812
114,4,8.739832617502296,0.14736487386837063
114,5,9.12684674757448,0.6630455381835236
114,6,10.0,0.6469893101397539
114,7,9.66682948192037,-0.5082365728486826
114,8,8.931571624679,-0.8404090930613711
114,9,10.0,0.23659884055422653
114,10,10.0,-0.2739748873804504
114,11,10.0,0.7743032252342453
114,12,9.95427129852491,-0.6127810077804395
114,13,8.29614669754806,-0.9375829627039699
114,14,8.537101675898937,0.44220256479576125
114,15,9.35117842036739,0.9554327260939627
114,16,9.962398395962689,-0.1235008884360165
114,17,8.344233285865256,-0.5923476680930198
114,18,8.351486603585675,0.10579642175069173
114,19,6.756628571929618,0.30625329565032483
114,20,9.877186747996854,0.3617787244716282
114,21,10.0,-0.43142297958436143
114,22,10.0,0.6393680654079177
114,23,9.688037127152887,-0.4955182036373919
114,24,10.0,-0.7063404708228395
115,0,9.999327291637835,-0.15689189732538658
115,1,10.0,0.3318169741903021
115,2,4.211504527844408,0.7776294560700556
115,3,9.936831815352951,0.5662494127014904
115,4,8.856296874574648,0.16389372771227895
115,5,9.173942591020657,0.6656902204593935
115,6,9.938132474163687,0.6478973685620311
115,7,9.743754925919655,-0.4774456564533498
115,8,9.015364802290629,-0.8360467999202964
115,9,9.913134668482325,0.23064651383018242
115,10,10.0,-0.2649946185144141
115,11,10.0,0.7807661198298558
115,12,10.0,-0.6366065052316311
115,13,8.246395227028605,-0.9358843670282135
115,14,8.562921265835204,0.44091853803256
115,15,9.399615111396889,0.9606843635620491
115,16,9.854159864085775,-0.12072793271556197
115,17,8.226669549528907,-0.594353761304981
115,18,8.378139636257336,0.10805133798048104
115,19,6.8504637200000404,0.31265552106571604
115,20,10.0,0.35257867981609065
115,21,10.0,-0.42704487710775973
115,22,10.0,0.6401126475837469
115,23,9.650000182589178,-0.5116264407310163
115,24,10.0,-0.6987232075228506
116,0,10.0,-0.1467400067925017
116,1,10.0,0.3362849311769964
116,2,4.086033983323616,0.7894744773489828
116,3,10.0,0.5462426763860867
116,4,8.844495652325278,0.17219571710259937
116,5,9.22173265026572,0.6749843324497008
116,6,10.0,0.649190704860792
116,7,9.711653573348588,-0.47814476661676825
116,8,9.052691478141776,-0.8348218994986293
116,9,10.0,0.2250790262477433
116,10,10.0,-0.2588949748497672
116,11,10.0,0.7807773574431544
116,12,9.99755323903213,-0.639123731342178
116,13,8.235224064285621,-0.9333255146187733
116,14,8.648758538416041,0.44523089304427493
116,15,9.364921998895223,0.9596820011368308
116,16,10.0,-0.11811997880786555
116,17,8.497762298348896,-0.5971492925626622
116,18,8.375541277369933,0.12013924760360979
116,19,6.917173043986656,0.3056271444323619
116,20,10.0,0.3504020024015636
116,21,10.0,-0.42077769644459245
116,22,9.998808737536358,0.6443267865311788
116,23,9.556825240891612,-0.5115326256016419
116,24,10.0,-0.6939442038343343
117,0,10.0,-0.14268568563091807
117,1,10.0,0.34228499868421797
117,2,4.070430038874891,0.8057539558634231
117,3,10.0,0.539667438844281
117,4,8.877847215376397,0.16073314065033031
117,5,9.212658614410014,0.6735639419827859
117,6,10.0,0.6490762365425381
117,7,9.710422174575397,-0.48983639099217907
117,8,9.096211888544687,-0.8294312248488482
117,9,9.881211812039494,0.22622839135703435
117,10,10.0,-0.25681179461807385
117,11,10.0,0.7770806340200967
117,12,10.0,-0.639285809127009
117,13,8.285523782653524,-0.934920761918603
117,14,8.588065805453654,0.4420741605528776
117,15,9.435660770990651,0.9579860310980739
117,16,9.892696792509557,-0.11556125636890961
117,17,8.323555331523286,-0.6121018902022278
117,18,8.480721888570132,0.12238252566113918
117,19,6.9553120111737545,0.30455209987585574
117,20,9.979837373259098,0.34943977227015893
117,21,10.0,-0.41583435883891645
117,22,10.0,0.6494911471823849
117,23,9.657278139630304,-0.4643970601929823
117,24,10.0,-0.7028537701669815
118,0,10.0,-0.15052970719732578
118,1,10.0,0.3476781204870392
118,2,4.144863449830178,0.8070555403861296
118,3,10.0,0.5380037871623264
118,4,8.952004589011214,0.15347028275580382
118,5,9.163868325129295,0.6837069509035656
118,6,10.0,0.6419418554299399
118,7,9.713749755709308,-0.4866302829236687
118,8,9.149988462089725,-0.8266432548866723
118,9,10.0,0.22479816748659576
118,10,10.0,-0.2634919860003183
118,11,10.0,0.7829903580778328
118,12,10.0,-0.6471857882831161
118,13,8.26390978091941,-0.9347726023151851
118,14,8.662742167037877,0.4308501153765329
118,15,9.393491283397845,0.9589379993632934
118,16,10.0,-0.12350773328683143
118,17,8.622749260173686,-0.5901247871461137
118,18,8.55016866077348,0.12352524362600914
118,19,7.048134117590334,0.3030879966225139
118,20,9.9109021383325,0.3536586541083354
118,21,10.0,-0.41310008349582866
118,22,10.0,0.651547043878884
118,23,9.455052674186653,-0.4563956316621032
118,24,9.700027567134219,-0.7069206511074797
119,0,9.958747056426764,-0.14583998541849175
119,1,10.0,0.34274048912236227
119,2,4.017637428453872,0.8102695530813301
119,3,10.0,0.5503793975097988
119,4,8.931154806363915,0.14930598880575788
119,5,9.204652239957767,0.671903204619061
119,6,10.0,0.6429526154922044
119,7,9.619742058094818,-0.5030942774886205
119,8,9.20351997665046,-0.8264565966232004
119,9,9.860203121433843,0.22750412980852655
119,10,10.0,-0.2674030204965742
119,11,10.0,0.7846847168168388
119,12,10.0,-0.6444361307111197
119,13,8.255003536089163,-0.9349518383385761
119,14,8.587999990506724,0.42894410241459646
119,15,9.428090670328286,0.9607587261968623
119,16,10.0,-0.12568809300104197
119,17,8.436113140462783,-0.5844198482946236
119,18,8.580295054266154,0.11845137281597541
119,19,7.119945565736847,0.30691315489497023
119,20,9.985731223234845,0.33791063864335813
119,21,10.0,-0.4123770067612221
119,22,10.0,0.6437537738580535
119,23,9.75298944626127,-0.4915194105840595
119,24,9.99896521753723,-0.681696036709471
120,0,10.0,-0.14129847107995852
120,1,10.0,0.32990382088639425
120,2,4.286491291982745,0.7959034943158539
120,3,9.98760741845049,0.5455174643221286
120,4,8.943644574578608,0.16920659525984988
120,5,9.11439673362434,0.6557942044713961
120,6,10.0,0.6409671611650469
120,7,9.786247681936738,-0.48766847126095925
120,8,9.257289967422594,-0.8297919801053389
120,9,10.0,0.19644997866602754
120,10,10.0,-0.27102152967138654
120,11,10.0,0.7823462154360499
120,12,10.0,-0.6406958365611608
120,13,8.220216710333021,-0.9260267442768373
120,14,8.713395598795566,0.41723875364545193
120,15,9.359434279666313,0.9586230396305981
120,16,9.846667673761337,-0.12615801573829974
120,17,8.736077502086456,-0.5797958072369508
120,18,8.661041609606533,0.12068741215874362
120,19,7.1986040973553145,0.3017467689380966
120,20,9.989714717553642,0.3382510929249908
120,21,10.0,-0.41476946803824316
120,22,10.0,0.6402128499713035
120,23,9.738371061499553,-0.48526371546526476
120,24,9.699652287440555,-0.7019881503732408
121,0,10.0,-0.14100591747900684
121,1,10.0,0.32613736631852136
121,2,4.201983636776428,0.8053470798616039
121,3,9.999251556494722,0.5525152615854216
121,4,9.016691701369378,0.15498313654527704
121,5,9.256574650553206,0.6623155197721732
121,6,10.0,0.6348010524724238
121,7,9.710065165543446,-0.48762529074758576
121,8,9.321737374211994,-0.828945531395497
121,9,9.900295570933801,0.19709183840730157
121,10,10.0,-0.26227573604165066
121,11,10.0,0.7811470260009961
121,12,10.0,-0.6467049529474674
121,13,8.209595499061868,-0.9106035849043435
121,14,8.655246458037272,0.41834932722081863
121,15,9.463908562074081,0.9925856472016901
121,16,10.0,-0.09466102210067315
121,17,8.56251845425216,-0.5802286597737691
121,18,8.713954272300814,0.12161549330389787
121,19,7.253988254359773,0.3038378455328379
121,20,9.942743435417025,0.32664895591237786
121,21,10.0,-0.4181252272196405
121,22,10.0,0.6384650636092635
121,23,9.6327508698767,-0.4733345691668356
121,24,9.99872421492314,-0.678408875748019
122,0,10.0,-0.1381407205174641
122,1,10.0,0.3316036198634638
122,2,4.130341580612505,0.8306254100144752
122,3,10.0,0.5488959224742039
122,4,9.01232042279337,0.15524074669058782
122,5,9.206229996104572,0.6645176536762877
122,6,9.904964952520665,0.6361911882945595
122,7,9.905388643416725,-0.4813033401670662
122,8,9.352139859288478,-0.8301738627254407
122,9,10.0,0.20839912910234257
122,10,10.0,-0.26003999608947276
122,11,10.0,0.7850635910192989
122,12,10.0,-0.6527270956609206
122,13,8.177857021147291,-0.8975331860827017
122,14,8.847669141715514,0.4352162924868812
122,15,9.392407757381019,0.9981481526072105
122,16,9.957239871219672,-0.09288129464766698
122,17,8.862512492872417,-0.5821199007175497
122,18,8.80074239681842,0.13226828750331235
122,19,7.308669468373904,0.30474085606392365
122,20,9.955811872164597,0.3238020465748935
122,21,10.0,-0.40941899476019156
122,22,10.0,0.6443974145870266
122,23,9.69953811715695,-0.48292779083791615
122,24,9.818538133160224,-0.6742150066881498
123,0,10.0,-0.13678708779878107
123,1,10.0,0.3337410144000165
123,2,4.250834578388297,0.8190315296079286
123,3,9.943939407746532,0.5410871172660178
123,4,8.993637710376492,0.14331522118619672
123,5,9.359282440919303,0.653838484377829
123,6,9.979008144550004,0.6185258566255069
123,7,9.811872083521134,-0.48803799723252506
123,8,9.39365677164271,-0.8280182339233527
123,9,9.91714711319743,0.21145879164658324
123,10,10.0,-0.26381063656651427
123,11,10.0,0.7865876131321157
123,12,10.0,-0.6514087330400071
123,13,8.288346736791397,-0.9067302655659901
123,14,8.81196253277969,0.44311643171800935
123,15,9.419447728975372,0.9935356120630467
123,16,10.0,-0.08812533866756013
123,17,8.764629121557865,-0.5886145827709102
123,18,8.837409980039789,0.13532455851497965
123,19,7.349426989524381,0.3083147377515291
123,20,10.0,0.3290059879130209
123,21,10.0,-0.40617027188244204
123,22,10.0,0.641047642354579
123,23,9.54920524642053,-0.48611557937624733
123,24,10.0,-0.7089920334374039
124,0,9.99824234341216,-0.1387255463272688
124,1,10.0,0.33944238744552274
124,2,4.2805778267335395,0.8117493842760489
124,3,10.0,0.5424230239896284
124,4,9.069976455344655,0.1453000862657776
124,5,9.415495464987044,0.6494418909942199
124,6,9.90965486904516,0.6098699717638131
124,7,10.0,-0.4744754212386388
124,8,9.420147759786142,-0.8268438996579099
124,9,10.0,0.23882446363011198
124,10,10.0,-0.2574589191505105
124,11,10.0,0.790315155268868
124,12,9.988491181564656,-0.660509910698883
124,13,8.213249109060337,-0.9113138990321833
124,14,8.884025440462816,0.44845596178922414
124,15,9.334274376205407,0.9868000384012852
124,16,10.0,-0.08209585629254486
124,17,8.93085543892662,-0.5840204634622314
124,18,8.790720284244744,0.13945701665819865
124,19,7.428229520485737,0.3109721813078398
124,20,10.0,0.33029007179778436
124,21,10.0,-0.40270532611770604
124,22,10.0,0.6445240629734497
124,23,9.848909711621358,-0.4994284880999645
124,24,9.917839587130102,-0.6805113444415176
125,0,10.0,-0.13814518369694095
125,1,10.0,0.3576961672166976
125,2,4.169005668679359,0.8063400863193683
125,3,9.958152467047428,0.5460700823110983
125,4,9.117480043526092,0.14761507474922564
125,5,9.276171546981297,0.6482538229985185
125,6,10.0,0.6139076543223286
125,7,9.849120788492396,-0.4861433775864455
125,8,9.47027249689941,-0.822781811674105
125,9,10.0,0.24286697998906753
125,10,10.0,-0.2596817933258233
125,11,10.0,0.7895953702697975
125,12,10.0,-0.6667892554238516
125,13,8.25620579866959,-0.9141270698306567
125,14,8.829743458349009,0.4506063930343936
125,15,9.454347997792942,0.986885527011121
125,16,9.96179165377671,-0.09303090045791632
125,17,8.805908285130828,-0.5817098046822684
125,18,8.842976571787608,0.1564188208506051
125,19,7.488877298444295,0.30474725319391033
125,20,9.887883175700958,0.32946634150758414
125,21,10.0,-0.4024996835585593
125,22,10.0,0.6375829987862386
125,23,9.624130392364687,-0.4778318926917473
125,24,10.0,-0.7028782981117435
126,0,10.0,-0.13509026633791
126,1,10.0,0.36538350084760063
126,2,4.206686502715091,0.8019158744026421
126,3,10.0,0.551941935586094
126,4,9.14590144930507,0.14422419404277567
126,5,9.557403353042323,0.6493946653148737
126,6,9.924704179405579,0.6163670091885803
126,7,10.0,-0.46656929038820444
126,8,9.534528491042641,-0.8177519131183622
126,9,9.931464828415617,0.24408171953055766
126,10,10.0,-0.26217404745299205
126,11,10.0,0.7873494015849918
126,12,9.955902879931664,-0.6697389080113593
126,13,8.241754010137754,-0.9108919344720032
126,14,9.018918024182831,0.46263954705890287
126,15,9.482789938240186,0.9841719377307943
126,16,10.0,-0.08533134392329254
126,17,8.99332003107205,-0.5771602664010939
126,18,8.83746244625716,0.15228824757266604
126,19,7.522387309101788,0.3109248965286351
126,20,10.0,0.3327820480673364
126,21,10.0,-0.4091602768733888
126,22,10.0,0.6464155647761666
126,23,9.92046614351429,-0.524577187541619
126,24,9.84746332183646,-0.7153124090301007
127,0,10.0,-0.1190502553528626
127,1,10.0,0.3674366267825013
127,2,4.179000406951869,0.8137347318949059
127,3,9.936381254065317,0.5558159618129213
127,4,9.095346127337141,0.14360518318063178
127,5,9.395331188388012,0.645194177268837
127,6,10.0,0.6152909094984245
127,7,9.700238322840558,-0.47852491277092624
127,8,9.560403876070648,-0.8197530854868927
127,9,10.0,0.26169697544204296
127,10,10.0,-0.2592619690715575
127,11,10.0,0.7902981258875099
127,12,10.0,-0.6558294835035682
127,13,8.296405828254166,-0.9112350184972552
127,14,9.031972615095638,0.4675096437753495
127,15,9.4821948317122,0.980666386902912
127,16,9.976892450216427,-0.08536326313351794
127,17,8.966597867019724,-0.5820579489962187
127,18,8.925480834742306,0.16365757327583502
127,19,7.62958798780473,0.3096531082708713
127,20,9.972924865070087,0.33158652625800245
127,21,10.0,-0.40295976294320396
127,22,10.0,0.6477797019890316
127,23,9.790523681168187,-0.5040285252127442
127,24,10.0,-0.7018106524431109
128,0,10.0,-0.15011534552895378
128,1,10.0,0.36353507665534507
128,2,4.216001462908547,0.809051091893475
128,3,10.0,0.5572760151616023
128,4,9.233412253302056,0.1358761109693262
128,5,9.695314627026967,0.6483464054249396
128,6,9.982477228089442,0.6110574220111213
128,7,9.999887542262185,-0.46402162693596477
128,8,9.593822182650992,-0.8252490354427228
128,9,9.92743941810366,0.25963930495992593
128,10,10.0,-0.2651070487023118
128,11,10.0,0.793446901037171
128,12,9.953380703791979,-0.6576015506848925
128,13,8.276703239699408,-0.9084152996744521
128,14,9.022088018645743,0.4460168272021102
128,15,9.40925050527296,0.9868498559593782
128,16,9.945722846900733,-0.07237918527260212
128,17,8.941614539176303,-0.5780394987298917
128,18,8.907873064276183,0.16869503290479498
128,19,7.6372738154382995,0.3135335028458699
128,20,9.983400193246494,0.33196856874402814
128,21,10.0,-0.39483412176973653
128,22,10.0,0.6389526157844256
128,23,9.815903395241325,-0.5373579008097401
128,24,9.857383028657098,-0.6956864860971186
129,0,10.0,-0.15224710433103594
129,1,10.0,0.3595771620410465
129,2,4.156692764369528,0.8196595774495381
129,3,9.963395129061329,0.5590033642015687
129,4,9.310334994380922,0.13023295252562753
129,5,9.548073928790092,0.6554050295904867
129,6,9.977742036402514,0.5824453061846685
129,7,9.700832094469336,-0.4878090005912896
129,8,9.656730421693071,-0.8196452735792472
129,9,9.996979404848464,0.2458082843014534
129,10,9.902125969727642,-0.29219764884167554
129,11,10.0,0.7943463428606502
129,12,10.0,-0.6597982127183657
129,13,8.369745527268059,-0.9039003287067469
129,14,9.021390886221628,0.4547927449229413
129,15,9.496555120772262,0.990107675334258
129,16,10.0,-0.07043121526952967
129,17,9.077426132215832,-0.5970582563044637
129,18,9.040544372117797,0.1512266276757445
129,19,7.730249400570049,0.3115948469881306
129,20,10.0,0.3345061352716778
129,21,10.0,-0.3956950947285897
129,22,10.0,0.6505326262939971
129,23,9.838305451526445,-0.5372529857695544
129,24,10.0,-0.6944631601717847
130,0,10.0,-0.15109546890963368
130,1,10.0,0.3680235247460717
130,2,3.8915184293239404,0.8001178223577502
130,3,9.98137521823991,0.5572306129066801
130,4,9.282445825353166,0.13394524758623422
130,5,9.731462176669213,0.654354346817409
130,6,10.0,0.610831837434157
130,7,10.0,-0.47784274003228266
130,8,9.715761063331982,-0.828471339717572
130,9,10.0,0.24910612200831006
130,10,10.0,-0.2647008055801327
130,11,10.0,0.7976978994023136
130,12,9.973878180166748,-0.656458506521476
130,13,8.331399697823871,-0.9055228385256961
130,14,9.137424324467766,0.45674795166044624
130,15,9.494416049164972,0.9895645682763239
130,16,9.945180592166171,-0.07441118741602043
130,17,9.14678932240724,-0.6047712125177436
130,18,8.982507073365424,0.14058720021016963
130,19,7.803896248678838,0.30871571252217783
130,20,9.8889096403632,0.33753935226643117
130,21,10.0,-0.3941756815893484
130,22,10.0,0.6375764349389001
130,23,9.750872529553407,-0.5278763877207345
130,24,9.945649012012112,-0.6857147612542503
131,0,10.0,-0.14773262819893762
131,1,10.0,0.3708609361688076
131,2,4.1877417192757935,0.847570561900376
131,3,9.865250982299216,0.5627652244608768
131,4,9.336298491373135,0.14010429596715834
131,5,9.574969374299878,0.6561854637723155
131,6,10.0,0.611610863406158
131,7,9.790135339338676,-0.4852469027865357
131,8,9.712833835564352,-0.8264029281886117
131,9,9.940536943145572,0.260677717620529
131,10,10.0,-0.2761679363005231
131,11,10.0,0.7880963964620981
131,12,9.84510590567975,-0.6358969280801844
131,13,8.362137638686352,-0.9064750816188046
131,14,9.022764354032276,0.4560217729531664
131,15,9.519924749404174,0.9801721785193236
131,16,10.0,-0.056429347570617336
131,17,9.199226675692893,-0.6049951598150995
131,18,9.115388664637914,0.13044112366070967
131,19,7.884004302731961,0.30800039815523106
131,20,10.0,0.29780714396248525
131,21,10.0,-0.390823103091988
131,22,10.0,0.6366797899900324
131,23,9.754716786435592,-0.5394084592666082
131,24,9.873688844990856,-0.7059579599073381
132,0,10.0,-0.14817826728314862
132,1,10.0,0.36845133893573745
132,2,4.191140381946196,0.8440534733820629
132,3,10.0,0.5351746177806054
132,4,9.37634905973979,0.1427424164409624
132,5,9.759626771158844,0.6423388991721415
132,6,9.943169654871227,0.6080350218330158
132,7,10.0,-0.4603221386336146
132,8,9.741675612248368,-0.8297553547571749
132,9,10.0,0.2584579378732198
132,10,10.0,-0.26923142730455624
132,11,10.0,0.7862074104537069
132,12,10.0,-0.632968197863911
132,13,8.41500609993146,-0.9106014564484064
132,14,9.293310288244554,0.4688202685687662
132,15,9.460565570940815,0.9726742543746587
132,16,9.990170212569641,-0.05724686589243998
132,17,9.233170228875968,-0.6039657922290145
132,18,9.092214294769187,0.12746718258943018
132,19,7.9604729558860186,0.3083479770737901
132,20,10.0,0.2962696848113085
132,21,10.0,-0.3885585465938438
132,22,10.0,0.6383579743766916
132,23,9.756071675188018,-0.5222021393594066
132,24,9.940143423819514,-0.6788118113203011
133,0,9.95733975666055,-0.1444366550614998
133,1,10.0,0.3667220870190247
133,2,3.9617133961006594,0.8361914124189704
133,3,9.963470562753818,0.5395768636550454
133,4,9.352729580342755,0.1406582201294749
133,5,9.847292218160646,0.6345307968133562
133,6,9.941481553482086,0.6211039589745169
133,7,9.700008245091123,-0.46254632088615405
133,8,9.769527956077631,-0.8258403106323965
133,9,9.90014720239149,0.2579162848605464
133,10,10.0,-0.2693065091772069
133,11,10.0,0.7817290005643972
133,12,9.967724965326449,-0.6262328039725885
133,13,8.439966834444297,-0.9107588997206332
133,14,9.165805269012425,0.46196679065549867
133,15,9.539106244496528,0.9738465246094026
133,16,9.927916246109934,-0.0649544798447832
133,17,9.291233134007674,-0.6064323416192963
133,18,9.231207534147527,0.14506112600764773
133,19,8.030051448166027,0.30693504576435693
133,20,9.94145541267077,0.28863976049364004
133,21,10.0,-0.3832234221615897
133,22,10.0,0.6455857233549516
133,23,9.858568395090586,-0.5150353880613753
133,24,9.954399543801326,-0.675064724761447
134,0,10.0,-0.13387329040649323
134,1,10.0,0.3743561165397995
134,2,4.258900897858596,0.877174199035748
134,3,10.0,0.5589750213887642
134,4,9.339514286298122,0.12309293133723032
134,5,9.650123288375381,0.631521481955115
134,6,10.0,0.6231570387630064
134,7,9.99997543994545,-0.4581098796067118
134,8,9.762906530060286,-0.8252614867412107
134,9,10.0,0.26460581526220667
134,10,10.0,-0.2696202029427803
134,11,10.0,0.7779953425499071
134,12,10.0,-0.6213959539552356
134,13,8.464629670052826,-0.9077215499020647
134,14,9.448375124936936,0.45550028227419415
134,15,9.460452040074909,0.9710544531448303
134,16,10.0,-0.06237181446755787
134,17,9.361492860882398,-0.6094756881924402
134,18,9.264929824772073,0.1551212697800081
134,19,8.09917014153684,0.30765104824810363
134,20,10.0,0.3284116602281467
134,21,10.0,-0.38246904756870725
134,22,10.0,0.6457083433424244
134,23,9.642512397814004,-0.5054368731474588
134,24,9.889360028131064,-0.6767080995501276
135,0,10.0,-0.12886205973530795
135,1,10.0,0.37036247094952424
135,2,3.9596372494598615,0.8561678012703355
135,3,9.906634715473354,0.5675443440552759
135,4,9.431602261830783,0.1388096282987158
135,5,9.949970255929228,0.6219404565004728
135,6,9.988014400640283,0.6262506043030704
135,7,9.979052528394885,-0.4495047271380619
135,8,9.795629997746657,-0.7988881557392138
135,9,9.898852704518065,0.266921765446349
135,10,10.0,-0.2666762313401967
135,11,10.0,0.7738530777901315
135,12,9.946263306125532,-0.6146207365900085
135,13,8.40806274930562,-0.9141535952973617
135,14,9.339732313121326,0.4732155389275342
135,15,9.485944097382992,0.973489590106057
135,16,10.0,-0.06602973383348411
135,17,9.416360989946059,-0.6107845776629582
135,18,9.238785482348682,0.16094592840412758
135,19,8.154223589606891,0.30764012585117834
135,20,10.0,0.3397913991792399
135,21,10.0,-0.38088798799019247
135,22,10.0,0.6459223200372148
135,23,9.942062340299037,-0.48901031059731215
135,24,9.8587872714707,-0.686604776252093
136,0,10.0,-0.13014738143198862
136,1,10.0,0.3747151872117238
136,2,4.259552533688431,0.8632967763787615
136,3,10.0,0.5602371850455761
136,4,9.301640735923025,0.1403169389510981
136,5,9.977311760048671,0.6426679051525869
136,6,9.9446868509489,0.6193347784304315
136,7,9.970112449206535,-0.4496050997546778
136,8,9.825138494096617,-0.7986678259356803
136,9,10.0,0.3041023881802195
136,10,10.0,-0.27417330381064164
136,11,10.0,0.7777221020459513
136,12,9.983441695215676,-0.6033717411248702
136,13,8.431481401449847,-0.9073727010248039
136,14,9.40903327422296,0.45689162747572326
136,15,9.488360170498208,0.9667650815360697
136,16,10.0,-0.07647665014598949
136,17,9.46103159686754,-0.6130937210634115
136,18,9.374976476162344,0.16869004674917806
136,19,8.217752733557475,0.30068400079178925
136,20,9.890390268978047,0.32974126767633727
136,21,10.0,-0.38164041030012014
136,22,10.0,0.6467323152875047
136,23,9.871763545157028,-0.4894832883348674
136,24,9.628646953566495,-0.681691078223733
137,0,10.0,-0.13649157804763223
137,1,10.0,0.3717580231044944
137,2,3.9805165546357206,0.8734506021540376
137,3,10.0,0.5569653064194342
137,4,9.492127234917476,0.15111368232284114
137,5,9.873483172798666,0.6396422705387153
137,6,10.0,0.6173104348458089
137,7,9.866747121733829,-0.46844233530244295
137,8,9.83236632719315,-0.7960189683715507
137,9,10.0,0.30237911220785235
137,10,10.0,-0.2748173047518814
137,11,10.0,0.7825155373111786
137,12,9.936422647734977,-0.6091780219324768
137,13,8.432732339085938,-0.8969538554997609
137,14,9.258720690924756,0.45669369893198825
137,15,9.542590373187988,0.9682818967744586
137,16,9.880369255339794,-0.0828508405349195
137,17,9.487782369535761,-0.6131849353871837
137,18,9.43236500626436,0.17263948601055623
137,19,8.282167943105886,0.3005745515739671
137,20,10.0,0.3093802491613255
137,21,10.0,-0.3834590134025671
137,22,10.0,0.648167337360603
137,23,9.860140083681376,-0.47763721976839124
137,24,9.92847991027207,-0.6917009769840574
138,0,10.0,-0.14304076884864322
138,1,10.0,0.37305271100385884
138,2,4.280500285516292,0.8765748951896983
138,3,10.0,0.5562283018125447
138,4,9.396923762100231,0.1535528478829773
138,5,9.915560353439623,0.6246589769532396
138,6,10.0,0.6217195487466778
138,7,9.954068131646977,-0.4692934401175307
138,8,9.916544946507738,-0.7986098453748401
138,9,9.950435163065452,0.29667030986250853
138,10,10.0,-0.27603717228746943
138,11,10.0,0.7859651006991315
138,12,10.0,-0.5873532689004466
138,13,8.460429869296403,-0.8953249747550973
138,14,9.4843105706967,0.4341889522575238
138,15,9.571831103748025,0.9689019977028915
138,16,10.0,-0.07212148719805474
138,17,9.564282031078942,-0.6019101054856034
138,18,9.383433015406268,0.17701763593942862
138,19,8.372253386890907,0.30012712556201243
138,20,9.962112545370225,0.3014315932573216
138,21,10.0,-0.38458513466182065
138,22,10.0,0.6480631006410364
138,23,9.698728554963676,-0.4775267656725841
138,24,9.772271825687142,-0.6687527278605027
139,0,10.0,-0.1461861044773413
139,1,10.0,0.37069133345894184
139,2,4.170037778345836,0.8623570746100068
139,3,9.927485704426829,0.5611340873261804
139,4,9.621008245755062,0.1601405502152954
139,5,9.722358803946166,0.6230294594905589
139,6,9.991388643407394,0.62071342498569
139,7,9.90042249264645,-0.473852937459025
139,8,9.913783640455415,-0.79952653839156
139,9,10.0,0.29685133452912893
139,10,10.0,-0.2795554056538302
139,11,10.0,0.7888426569883191
139,12,10.0,-0.591202278804434
139,13,8.485829886300738,-0.8965162897872986
139,14,9.400064614403625,0.4392378355453897
139,15,9.466848867925115,0.9710393826228559
139,16,10.0,-0.08023136479963534
139,17,9.561666040435444,-0.5945764073684217
139,18,9.416988166104764,0.16357486701388668
139,19,8.433937345296565,0.30524825761870517
139,20,10.0,0.30785812793794076
139,21,10.0,-0.38267016785230024
139,22,10.0,0.6332073928766074
139,23,9.886154226723894,-0.4821934896962445
139,24,10.0,-0.683812979727646
140,0,10.0,-0.14915203324341736
140,1,10.0,0.3795864274131879
140,2,4.219740773600205,0.896829112301726
140,3,10.0,0.5494374400580847
140,4,9.660148640848728,0.1648936396237278
140,5,10.0,0.6156701450169686
140,6,9.992407021834932,0.6124924358361139
140,7,9.892620628685748,-0.4768370382504827
140,8,9.965194352438427,-0.7933204123525507
140,9,9.908306755416437,0.29347790723829537
140,10,10.0,-0.2761280903559947
140,11,10.0,0.7931851006003021
140,12,10.0,-0.594192401410697
140,13,8.495975517464554,-0.8989908423019508
140,14,9.614849413463338,0.4327949167778967
140,15,9.491720386755985,0.9684291834008548
140,16,9.883462000560138,-0.08430815110080739
140,17,9.6717602899797,-0.5949827829162669
140,18,9.414481715385604,0.1612213263400495
140,19,8.499030037930014,0.3006811985425833
140,20,10.0,0.31386535387058556
140,21,10.0,-0.3857102643862461
140,22,10.0,0.6240947727529749
140,23,9.90531771853483,-0.47949919486552295
140,24,9.959544999960292,-0.6900394923750747
141,0,10.0,-0.14594845191324027
141,1,10.0,0.380319539829714
141,2,4.103936064239061,0.9023510262002912
141,3,9.969341861006397,0.5482942289534689
141,4,9.571311819851754,0.16865865014197307
141,5,9.783422821096808,0.6303759900935834
141,6,10.0,0.6176299764319055
141,7,9.958854580985166,-0.4623793002125357
141,8,9.96916892033388,-0.7959391045435255
141,9,9.944626127000049,0.3060432608313633
141,10,10.0,-0.2852376429024203
141,11,10.0,0.7873892906065164
141,12,9.908294891233973,-0.6035637728875621
141,13,8.511313729969864,-0.8994452136484697
141,14,9.596980553075625,0.42351279022591937
141,15,9.439918367042853,0.9663826021633372
141,16,10.0,-0.08859882836702401
141,17,9.732212468620252,-0.589739711784135
141,18,9.44097955490561,0.14942583922812822
141,19,8.54095605940073,0.30084009254762617
141,20,9.916569007471757,0.3189615495175199
141,21,10.0,-0.39717496497727045
141,22,10.0,0.6307039533921719
141,23,9.930266720420835,-0.4735518222027847
141,24,10.0,-0.6761121189305923
142,0,9.969084661072008,-0.1415877348606789
142,1,10.0,0.3748640979572672
142,2,4.159578307865718,0.8910907112689026
142,3,10.0,0.5646122681716984
142,4,9.616075628746865,0.163244824083825
142,5,10.0,0.6158152565484034
142,6,10.0,0.6203661832910827
142,7,9.823140227867322,-0.4595048172685036
142,8,9.952940626758576,-0.805467056375645
142,9,9.865244178949307,0.29167457959712284
142,10,10.0,-0.2765389450893654
142,11,10.0,0.7895402047509411
142,12,9.992638469871483,-0.6128881152748528
142,13,8.46510898690734,-0.9030885964019467
142,14,9.607512990015406,0.43264731778605026
142,15,9.419146519381497,0.9553082290104736
142,16,9.904648329673774,-0.09099514061813495
142,17,9.741175464137454,-0.5850078762399444
142,18,9.326602693507128,0.15987218342052484
142,19,8.618538283456104,0.3088860532612787
142,20,9.989729974316356,0.322302167528324
142,21,10.0,-0.4039324958525475
142,22,10.0,0.6362199078275103
142,23,9.883484164911895,-0.4679802984703799
142,24,9.980923644782754,-0.6796376505998921
143,0,10.0,-0.1385105988454742
143,1,10.0,0.3738155080174695
143,2,4.139037823311258,0.8889650763829414
143,3,9.969317910098997,0.5638640323899389
143,4,9.521069881808154,0.1661261134665702
143,5,9.969880260960403,0.6051163849800497
143,6,9.998999142434354,0.6128551158587414
143,7,10.0,-0.45317658348689205
143,8,9.999074586939896,-0.8109833201047107
143,9,10.0,0.2998971685902173
143,10,10.0,-0.26808832420008666
143,11,10.0,0.7905829956640709
143,12,9.947124425692392,-0.6156901257493879
143,13,8.437587776390004,-0.9074089017027065
143,14,9.672271489768152,0.431592655602868
143,15,9.482861552659928,0.9464344764114428
143,16,10.0,-0.08717384822346315
143,17,9.819492252455385,-0.5857659330137162
143,18,9.499320840105641,0.12881073975419563
143,19,8.660180849373553,0.3103586099322759
143,20,9.886736647296596,0.3247100464826186
143,21,10.0,-0.4064343490361151
143,22,10.0,0.6393846316774843
143,23,9.804074565734949,-0.4792061982801628
143,24,9.890633143782555,-0.6826859065836482
144,0,9.999437779705756,-0.13563886519840515
144,1,10.0,0.3629975138218616
144,2,4.034043325592317,0.876428968707001
144,3,10.0,0.5685348514562417
144,4,9.586123833759562,0.13396147224605073
144,5,10.0,0.6169202027349859
144,6,9.912944696435833,0.6202810504173942
144,7,10.0,-0.4454683871809442
144,8,10.0,-0.8211906401946395
144,9,10.0,0.3105382711788555
144,10,10.0,-0.27422067547781603
144,11,10.0,0.791300331523968
144,12,10.0,-0.6180585067390373
144,13,8.517205111458885,-0.9072223879631904
144,14,9.752521001673882,0.44094463411191953
144,15,9.428931690936112,0.9412980899094231
144,16,9.996279540377644,-0.0843682650821678
144,17,9.87664494265119,-0.5834011663308205
144,18,9.381198159288216,0.12026988359462787
144,19,8.696612492119888,0.3097521337093741
144,20,10.0,0.3316305841050644
144,21,10.0,-0.40905914991117026
144,22,10.0,0.6379643570804601
144,23,9.861420560349872,-0.46611658359672853
144,24,9.895434070205479,-0.6658048496103431
145,0,10.0,-0.13009326712796768
145,1,10.0,0.37138575955642666
145,2,4.2428628857937145,0.8891269268621742
145,3,9.967414208127074,0.5709185168206115
145,4,9.61913550033031,0.13131597283944224
145,5,9.94646254027751,0.6209433330147468
145,6,10.0,0.6464446542958658
145,7,10.0,-0.4470584111410414
145,8,10.0,-0.8200177477760657
145,9,10.0,0.31413145093643313
145,10,10.0,-0.27637276390872784
145,11,10.0,0.7984796608254257
145,12,9.965715675648068,-0.6192821924319011
145,13,8.53954385081793,-0.9072724330969185
145,14,9.790049063837479,0.44241135743249893
145,15,9.531804578417269,0.9278648369497631
145,16,10.0,-0.07647039667470436
145,17,9.89285900638958,-0.5956526514540064
145,18,9.63383960387643,0.10784172887606203
145,19,8.722084558840766,0.317345530060686
145,20,9.889682956983744,0.324957689993801
145,21,10.0,-0.4121878783618346
145,22,10.0,0.6496064422231543
145,23,9.928597121722325,-0.46003252756957713
145,24,9.961237872986596,-0.6683017812745052
146,0,10.0,-0.12824676902377885
146,1,10.0,0.36920971035582095
146,2,4.020343791012008,0.8835923604834399
146,3,9.92837151189144,0.559631494728643
146,4,9.502418048689462,0.1300780829603118
146,5,9.949593545483584,0.6078613045184791
146,6,9.968903766284239,0.6475080483910628
146,7,9.882822942410716,-0.4354877156964013
146,8,9.963513196680093,-0.8262419391122365
146,9,10.0,0.3160387206697474
146,10,10.0,-0.2729199645712275
146,11,10.0,0.7938432285249799
146,12,10.0,-0.6251814071086385
146,13,8.549835098401045,-0.912476646562019
146,14,9.693249624420233,0.43382545186891575
146,15,9.4811240076848,0.9239984634537634
146,16,9.875167102337084,-0.07767164008767546
146,17,9.924624907941896,-0.5843160954416482
146,18,9.614343034235462,0.11510745069782029
146,19,8.80028004988361,0.3172251241827054
146,20,10.0,0.3353695905786332
146,21,10.0,-0.4148694769303791
146,22,9.983612299445493,0.651790232296079
146,23,9.950876742206285,-0.46430763677818654
146,24,9.827838917137006,-0.6743006976529471
147,0,10.0,-0.12080780814799819
147,1,10.0,0.3740509355975615
147,2,4.318038678248976,0.8464742501736552
147,3,10.0,0.5701952692621742
147,4,9.71608916785823,0.12597635205515825
147,5,9.90107906837996,0.6092586126545436
147,6,10.0,0.6403568609604796
147,7,10.0,-0.4650315877627151
147,8,10.0,-0.823386783310709
147,9,10.0,0.3134596650937786
147,10,10.0,-0.2812404807988081
147,11,10.0,0.7867690237439056
147,12,10.0,-0.6283602361250538
147,13,8.456967509322588,-0.9185853361939006
147,14,9.954777557409216,0.4524992847874686
147,15,9.479028448931551,0.9375101244377364
147,16,10.0,-0.07518421638275459
147,17,9.903273134617875,-0.5869750895733751
147,18,9.64536712157572,0.10137146366447619
147,19,8.822465426310726,0.3172017398034674
147,20,10.0,0.34200418273566996
147,21,10.0,-0.41497047169901946
147,22,10.0,0.6372876784629816
147,23,10.0,-0.46909406091829564
147,24,10.0,-0.6557691944613401
148,0,10.0,-0.12161579245200034
148,1,10.0,0.3726575772352113
148,2,4.208323686199848,0.8512922297971562
148,3,10.0,0.5782110961296556
148,4,9.670004229563082,0.13471746552640038
148,5,9.849817074194661,0.6103758065527728
148,6,9.90289245324803,0.6356629304762403
148,7,9.806554039053548,-0.447607205332436
148,8,9.969581365730111,-0.8220889549289229
148,9,9.965557864786412,0.30874380663464623
148,10,10.0,-0.28478254535240294
148,11,10.0,0.7784598907959891
148,12,9.958767403771422,-0.6260830050397395
148,13,8.509911737732846,-0.9009794057704437
148,14,9.775660301069335,0.43399419480277507
148,15,9.490817248068812,0.9327094424273792
148,16,10.0,-0.07754735339062362
148,17,9.99046969334705,-0.586133466539411
148,18,9.718972407808,0.096244551241989
148,19,8.891666504927278,0.31812200523839335
148,20,10.0,0.34792339608915573
148,21,10.0,-0.41216057474936796
148,22,10.0,0.6418766064038471
148,23,9.85047358542462,-0.47517103391530274
148,24,9.780117245021744,-0.6695073323315327
149,0,10.0,-0.12235039150701886
149,1,10.0,0.3714070281281788
149,2,4.408986966964787,0.8466619476460233
149,3,10.0,0.5889495426953728
149,4,9.626521838173568,0.1443257332799302
149,5,9.840792690142923,0.6250950437262499
149,6,10.0,0.6439687901405167
149,7,10.0,-0.5029218391443228
149,8,10.0,-0.8317951652978539
149,9,9.96372260225745,0.2953127466460132
149,10,10.0,-0.2863594024101742
149,11,10.0,0.7727386938533228
149,12,9.855079768288851,-0.6429589553460857
149,13,8.423853079552362,-0.8966141522228582
149,14,10.0,0.44305145813080354
149,15,9.479321419629535,0.9278743078242125
149,16,9.912272753456033,-0.07757155217780917
149,17,9.981374419799474,-0.5852978597856655
149,18,9.712444376640072,0.0933980665218776
149,19,8.925028592123036,0.3221619435325718
149,20,10.0,0.3503944793552606
149,21,10.0,-0.41215485765008397
149,22,10.0,0.6218819727228522
149,23,10.0,-0.4589040711095142
149,24,10.0,-0.6654023849872822
150,0,10.0,-0.1094762657158637
150,1,10.0,0.3694904590276796
150,2,4.440125839728102,0.854341466399498
150,3,9.998928131913559,0.6020683624769536
150,4,9.568495535082373,0.1323540492225257
150,5,9.798735731178112,0.6233366960729462
150,6,10.0,0.6443253184607789
150,7,9.777389916232517,-0.4789818061985893
150,8,10.0,-0.8369614603075358
150,9,9.903314188004273,0.28754989650635737
150,10,10.0,-0.2862412267473352
150,11,10.0,0.7779181222682865
150,12,10.0,-0.6316998598714567
150,13,8.560206386864058,-0.9102188733158352
150,14,9.73141840490848,0.43700332117562224
150,15,9.453545706262823,0.9331671661859422
150,16,10.0,-0.08458467403526035
150,17,10.0,-0.6010291792297138
150,18,9.826746203083891,0.09289127052151322
150,19,8.986996486593295,0.3172102095125623
150,20,9.96117198895074,0.3474136124734416
150,21,10.0,-0.41102254163262575
150,22,9.993002162843894,0.6144745593919596
150,23,9.833039204967207,-0.4556769982143446
150,24,9.773578945782399,-0.6568243102450046
